"","country","points","price","province","taster_name","variety"
"13","US",83,25,"New Jersey","Alexander Peartree","Chardonnay"
"14","US",84,18,"Virginia","Alexander Peartree","Chardonnay"
"16","US",84,32,"Michigan","Alexander Peartree","Chardonnay"
"20","US",91,20,"Virginia","Alexander Peartree","Merlot"
"26","US",85,15,"Michigan","Alexander Peartree","Chardonnay"
"31","US",86,14,"Virginia","Alexander Peartree","Rose"
"32","US",86,22,"Virginia","Alexander Peartree","Rose"
"33","US",86,15,"Virginia","Alexander Peartree","Chardonnay"
"34","US",85,15,"Virginia","Alexander Peartree","Chardonnay"
"38","US",85,18,"America","Alexander Peartree","Chardonnay"
"42","US",86,29,"Colorado","Alexander Peartree","Chardonnay"
"45","US",88,35,"Colorado","Alexander Peartree","Chardonnay"
"52","US",85,25,"Michigan","Alexander Peartree","Pinot Noir"
"53","US",85,25,"Michigan","Alexander Peartree","Chardonnay"
"62","US",85,32,"Virginia","Alexander Peartree","Merlot"
"64","US",84,22,"Virginia","Alexander Peartree","Chardonnay"
"73","US",87,24,"Virginia","Alexander Peartree","Rose"
"74","US",87,22,"Virginia","Alexander Peartree","Merlot"
"83","US",86,22,"Michigan","Alexander Peartree","Chardonnay"
"86","US",88,28,"Colorado","Alexander Peartree","Syrah"
"87","US",86,32,"Virginia","Alexander Peartree","Chardonnay"
"90","US",86,25,"Virginia","Alexander Peartree","Chardonnay"
"95","US",91,28,"Michigan","Alexander Peartree","Chardonnay"
"98","US",83,50,"Michigan","Alexander Peartree","Syrah"
"99","US",82,49,"Michigan","Alexander Peartree","Chardonnay"
"100","US",82,48,"Michigan","Alexander Peartree","Merlot"
"101","US",87,13,"Texas","Alexander Peartree","Rose"
"110","US",85,45,"Michigan","Alexander Peartree","Pinot Noir"
"116","US",91,28,"Michigan","Alexander Peartree","Chardonnay"
"118","US",87,28,"Virginia","Alexander Peartree","Chardonnay"
"122","US",88,30,"Virginia","Alexander Peartree","Chardonnay"
"123","US",88,22,"Virginia","Alexander Peartree","Chardonnay"
"124","US",87,29,"Michigan","Alexander Peartree","Pinot Noir"
"127","US",84,23,"Virginia","Alexander Peartree","Rose"
"131","US",84,27,"Virginia","Alexander Peartree","Merlot"
"134","US",84,30,"Texas","Alexander Peartree","Rose"
"138","US",84,11,"Texas","Alexander Peartree","Rose"
"140","US",85,23,"Virginia","Alexander Peartree","Chardonnay"
"141","US",85,16,"Virginia","Alexander Peartree","Chardonnay"
"150","US",89,60,"Michigan","Alexander Peartree","Pinot Noir"
"151","US",88,38,"Virginia","Alexander Peartree","Chardonnay"
"167","US",85,25,"Michigan","Alexander Peartree","Rose"
"182","US",86,59,"Michigan","Alexander Peartree","Pinot Noir"
"183","US",86,59,"Michigan","Alexander Peartree","Pinot Noir"
"189","US",87,35,"Colorado","Alexander Peartree","Syrah"
"192","US",87,25,"Virginia","Alexander Peartree","Chardonnay"
"196","US",87,18,"Michigan","Alexander Peartree","Chardonnay"
"199","US",87,50,"Michigan","Alexander Peartree","Merlot"
"200","US",87,25,"Michigan","Alexander Peartree","Pinot Noir"
"201","US",87,20,"Virginia","Alexander Peartree","Chardonnay"
"204","US",84,30,"Virginia","Alexander Peartree","Chardonnay"
"207","US",83,19,"Virginia","Alexander Peartree","Chardonnay"
"208","US",85,19,"Virginia","Alexander Peartree","Syrah"
"211","US",85,28,"Virginia","Alexander Peartree","Merlot"
"216","US",88,25,"Virginia","Alexander Peartree","Rose"
"221","US",87,20,"Texas","Alexander Peartree","Rose"
"247","US",84,18,"Virginia","Alexander Peartree","Merlot"
"251","US",84,34,"Virginia","Alexander Peartree","Merlot"
"255","US",81,22,"Texas","Alexander Peartree","Rose"
"257","US",82,20,"Texas","Alexander Peartree","Chardonnay"
"273","US",88,30,"Virginia","Alexander Peartree","Chardonnay"
"277","US",86,20,"Texas","Alexander Peartree","Rose"
"279","US",86,25,"Virginia","Alexander Peartree","Chardonnay"
"285","US",90,30,"Michigan","Alexander Peartree","Pinot Noir"
"287","US",89,38,"Virginia","Alexander Peartree","Chardonnay"
"299","US",84,25,"Virginia","Alexander Peartree","Chardonnay"
"307","US",86,18,"Virginia","Alexander Peartree","Rose"
"308","US",86,20,"Virginia","Alexander Peartree","Chardonnay"
"312","US",85,29,"Colorado","Alexander Peartree","Chardonnay"
"318","US",85,18,"Virginia","Alexander Peartree","Rose"
"319","US",85,20,"Virginia","Alexander Peartree","Chardonnay"
"321","US",84,20,"Virginia","Alexander Peartree","Chardonnay"
"322","US",88,26,"Virginia","Alexander Peartree","Chardonnay"
"326","US",85,19,"Virginia","Alexander Peartree","Syrah"
"330","US",88,22,"Virginia","Alexander Peartree","Rose"
"334","US",88,32,"Michigan","Alexander Peartree","Pinot Noir"
"339","US",86,23,"Virginia","Alexander Peartree","Merlot"
"341","US",86,33,"Colorado","Alexander Peartree","Syrah"
"345","US",83,32,"Nevada","Alexander Peartree","Syrah"
"346","US",83,24,"Texas","Alexander Peartree","Syrah"
"348","US",88,32,"Michigan","Alexander Peartree","Pinot Noir"
"350","US",86,24,"Virginia","Alexander Peartree","Chardonnay"
"358","US",87,29,"Michigan","Alexander Peartree","Pinot Noir"
"360","US",87,25,"Virginia","Alexander Peartree","Chardonnay"
"367","US",85,32,"Virginia","Alexander Peartree","Merlot"
"368","US",87,20,"Virginia","Alexander Peartree","Chardonnay"
"369","US",87,17,"Virginia","Alexander Peartree","Chardonnay"
"376","US",84,29,"Virginia","Alexander Peartree","Chardonnay"
"377","US",88,38,"Virginia","Alexander Peartree","Chardonnay"
"382","US",82,25,"Virginia","Alexander Peartree","Chardonnay"
"383","US",82,15,"Virginia","Alexander Peartree","Rose"
"386","US",85,35,"Michigan","Alexander Peartree","Chardonnay"
"387","US",84,45,"Michigan","Alexander Peartree","Chardonnay"
"390","US",83,24,"Virginia","Alexander Peartree","Chardonnay"
"393","US",90,40,"Virginia","Alexander Peartree","Chardonnay"
"396","US",86,44,"Michigan","Alexander Peartree","Pinot Noir"
"400","US",86,35,"Colorado","Alexander Peartree","Syrah"
"404","US",86,29,"Colorado","Alexander Peartree","Chardonnay"
"408","US",89,35,"Michigan","Alexander Peartree","Merlot"
"410","US",88,16,"Virginia","Alexander Peartree","Chardonnay"
"413","US",87,100,"Michigan","Alexander Peartree","Syrah"
"415","US",87,28,"Virginia","Alexander Peartree","Chardonnay"
"13384","France",89,11,"Rhône Valley","Joe Czerwinski","Rose"
"13410","France",90,15,"Rhône Valley","Joe Czerwinski","Syrah"
"13424","France",87,15,"Provence","Joe Czerwinski","Rose"
"13425","France",86,15,"Provence","Joe Czerwinski","Rose"
"13437","France",90,126,"Rhône Valley","Joe Czerwinski","Syrah"
"13454","France",87,NA,"Provence","Joe Czerwinski","Rose"
"13456","France",90,23,"Rhône Valley","Joe Czerwinski","Rose"
"13468","France",89,20,"France Other","Joe Czerwinski","Syrah"
"13528","France",93,84,"Rhône Valley","Joe Czerwinski","Syrah"
"13529","France",93,130,"Rhône Valley","Joe Czerwinski","Syrah"
"13547","France",85,28,"Rhône Valley","Joe Czerwinski","Syrah"
"13566","France",91,57,"Rhône Valley","Joe Czerwinski","Syrah"
"13588","France",90,18,"Rhône Valley","Joe Czerwinski","Rose"
"13593","US",89,38,"Oregon","Joe Czerwinski","Pinot Noir"
"13594","US",88,50,"Oregon","Joe Czerwinski","Pinot Noir"
"13595","US",88,35,"Oregon","Joe Czerwinski","Pinot Noir"
"13596","France",89,25,"Provence","Joe Czerwinski","Rose"
"13600","France",89,13,"Rhône Valley","Joe Czerwinski","Rose"
"13601","France",89,15,"Provence","Joe Czerwinski","Rose"
"13655","France",91,40,"Rhône Valley","Joe Czerwinski","Syrah"
"13689","France",92,20,"Rhône Valley","Joe Czerwinski","Rose"
"13692","France",92,90,"Rhône Valley","Joe Czerwinski","Syrah"
"13693","France",92,60,"Rhône Valley","Joe Czerwinski","Syrah"
"13694","France",92,36,"Rhône Valley","Joe Czerwinski","Syrah"
"13707","France",88,NA,"Rhône Valley","Joe Czerwinski","Rose"
"13724","France",92,49,"Rhône Valley","Joe Czerwinski","Syrah"
"13730","France",87,80,"Provence","Joe Czerwinski","Rose"
"13758","France",88,56,"Rhône Valley","Joe Czerwinski","Syrah"
"13763","US",87,35,"California","Joe Czerwinski","Pinot Noir"
"13767","US",86,15,"California","Joe Czerwinski","Pinot Noir"
"13775","France",87,16,"Rhône Valley","Joe Czerwinski","Rose"
"13778","France",90,20,"Rhône Valley","Joe Czerwinski","Rose"
"13785","France",90,42,"Rhône Valley","Joe Czerwinski","Syrah"
"13790","France",81,9,"Bordeaux","Joe Czerwinski","Merlot"
"13796","France",95,120,"Rhône Valley","Joe Czerwinski","Syrah"
"13800","France",91,34,"Rhône Valley","Joe Czerwinski","Rose"
"13813","France",86,25,"Rhône Valley","Joe Czerwinski","Rose"
"13828","France",92,85,"Rhône Valley","Joe Czerwinski","Syrah"
"13867","France",94,49,"Rhône Valley","Joe Czerwinski","Syrah"
"13876","France",90,20,"Rhône Valley","Joe Czerwinski","Rose"
"13878","France",90,14,"Rhône Valley","Joe Czerwinski","Rose"
"13917","France",89,15,"Rhône Valley","Joe Czerwinski","Rose"
"13989","France",86,13,"France Other","Joe Czerwinski","Rose"
"14004","France",89,59,"Rhône Valley","Joe Czerwinski","Syrah"
"14031","France",86,13,"Provence","Joe Czerwinski","Rose"
"14032","France",86,20,"Provence","Joe Czerwinski","Rose"
"14049","France",89,12,"Rhône Valley","Joe Czerwinski","Rose"
"14053","France",89,14,"Rhône Valley","Joe Czerwinski","Rose"
"14054","France",88,NA,"Rhône Valley","Joe Czerwinski","Rose"
"14056","France",88,16,"Rhône Valley","Joe Czerwinski","Rose"
"14082","France",93,200,"Champagne","Joe Czerwinski","Chardonnay"
"14083","US",92,48,"Oregon","Joe Czerwinski","Pinot Noir"
"14084","US",91,49,"California","Joe Czerwinski","Pinot Noir"
"14085","US",91,48,"Oregon","Joe Czerwinski","Pinot Noir"
"14122","France",85,11,"France Other","Joe Czerwinski","Rose"
"14149","France",85,9,"Rhône Valley","Joe Czerwinski","Rose"
"14169","France",86,12,"Rhône Valley","Joe Czerwinski","Rose"
"14185","France",88,92,"Rhône Valley","Joe Czerwinski","Syrah"
"14205","France",88,56,"Rhône Valley","Joe Czerwinski","Syrah"
"14258","France",90,22,"Rhône Valley","Joe Czerwinski","Syrah"
"14283","France",92,88,"Rhône Valley","Joe Czerwinski","Syrah"
"14316","France",88,15,"Provence","Joe Czerwinski","Rose"
"14319","France",88,18,"Provence","Joe Czerwinski","Rose"
"14332","France",86,16,"Rhône Valley","Joe Czerwinski","Rose"
"14354","France",93,104,"Rhône Valley","Joe Czerwinski","Syrah"
"14356","France",93,108,"Rhône Valley","Joe Czerwinski","Syrah"
"14489","France",85,14,"Rhône Valley","Joe Czerwinski","Rose"
"14496","France",88,15,"Provence","Joe Czerwinski","Rose"
"14497","France",88,17,"Rhône Valley","Joe Czerwinski","Rose"
"14499","France",88,36,"Rhône Valley","Joe Czerwinski","Syrah"
"14517","France",85,13,"France Other","Joe Czerwinski","Rose"
"14534","France",86,34,"Rhône Valley","Joe Czerwinski","Syrah"
"14554","France",85,14,"Rhône Valley","Joe Czerwinski","Rose"
"14555","France",85,15,"Rhône Valley","Joe Czerwinski","Rose"
"14559","US",84,13,"New York","Joe Czerwinski","Chardonnay"
"14560","US",84,12,"New York","Joe Czerwinski","Chardonnay"
"14562","US",84,10,"New York","Joe Czerwinski","Chardonnay"
"14563","US",84,11,"New York","Joe Czerwinski","Rose"
"14564","US",84,35,"New York","Joe Czerwinski","Pinot Noir"
"14566","US",84,35,"New York","Joe Czerwinski","Pinot Noir"
"14571","US",84,9,"New York","Joe Czerwinski","Chardonnay"
"14572","US",84,12,"New York","Joe Czerwinski","Merlot"
"14597","France",90,37,"Rhône Valley","Joe Czerwinski","Syrah"
"14606","France",86,13,"Rhône Valley","Joe Czerwinski","Rose"
"14622","France",87,9,"Rhône Valley","Joe Czerwinski","Rose"
"14624","France",87,12,"Rhône Valley","Joe Czerwinski","Rose"
"14630","France",89,22,"Provence","Joe Czerwinski","Rose"
"14631","France",88,13,"Rhône Valley","Joe Czerwinski","Rose"
"14641","France",90,75,"Rhône Valley","Joe Czerwinski","Syrah"
"14643","France",85,15,"Rhône Valley","Joe Czerwinski","Rose"
"14645","France",85,21,"Provence","Joe Czerwinski","Rose"
"14649","France",86,12,"Rhône Valley","Joe Czerwinski","Rose"
"14650","France",86,12,"Rhône Valley","Joe Czerwinski","Rose"
"14668","France",88,NA,"Provence","Joe Czerwinski","Rose"
"14672","France",89,34,"Rhône Valley","Joe Czerwinski","Rose"
"14673","US",85,50,"Oregon","Joe Czerwinski","Pinot Noir"
"14675","France",87,16,"Rhône Valley","Joe Czerwinski","Rose"
"14695","France",90,14,"Rhône Valley","Joe Czerwinski","Rose"
"14696","France",90,24,"Rhône Valley","Joe Czerwinski","Rose"
"14765","France",88,13,"Provence","Joe Czerwinski","Rose"
"14767","France",87,18,"Provence","Joe Czerwinski","Syrah"
"14774","France",90,40,"Rhône Valley","Joe Czerwinski","Syrah"
"14775","France",90,37,"Rhône Valley","Joe Czerwinski","Syrah"
"14790","France",93,391,"Rhône Valley","Joe Czerwinski","Syrah"
"14811","France",90,130,"Rhône Valley","Joe Czerwinski","Syrah"
"14829","France",85,16,"Rhône Valley","Joe Czerwinski","Rose"
"14860","France",89,11,"Rhône Valley","Joe Czerwinski","Rose"
"14871","France",90,15,"Rhône Valley","Joe Czerwinski","Rose"
"14885","France",89,24,"Rhône Valley","Joe Czerwinski","Rose"
"14897","France",93,84,"Rhône Valley","Joe Czerwinski","Syrah"
"14898","France",93,108,"Rhône Valley","Joe Czerwinski","Syrah"
"14900","France",91,40,"Rhône Valley","Joe Czerwinski","Syrah"
"14903","France",90,23,"Rhône Valley","Joe Czerwinski","Syrah"
"14912","France",88,13,"Rhône Valley","Joe Czerwinski","Rose"
"14921","US",82,14,"New York","Joe Czerwinski","Chardonnay"
"14922","US",82,18,"New York","Joe Czerwinski","Merlot"
"14923","US",82,18,"New York","Joe Czerwinski","Merlot"
"14924","US",82,14,"New York","Joe Czerwinski","Chardonnay"
"14930","US",80,18,"New York","Joe Czerwinski","Chardonnay"
"14955","France",92,49,"Rhône Valley","Joe Czerwinski","Syrah"
"14958","France",92,138,"Rhône Valley","Joe Czerwinski","Syrah"
"14970","France",90,24,"Rhône Valley","Joe Czerwinski","Rose"
"14984","France",90,19,"Rhône Valley","Joe Czerwinski","Rose"
"14985","France",90,15,"Rhône Valley","Joe Czerwinski","Rose"
"14998","France",91,35,"Rhône Valley","Joe Czerwinski","Syrah"
"15000","France",91,105,"Rhône Valley","Joe Czerwinski","Syrah"
"15001","France",91,46,"Rhône Valley","Joe Czerwinski","Syrah"
"15003","France",91,85,"Rhône Valley","Joe Czerwinski","Syrah"
"15007","France",94,100,"Rhône Valley","Joe Czerwinski","Syrah"
"15008","France",94,140,"Rhône Valley","Joe Czerwinski","Syrah"
"15037","France",89,26,"Rhône Valley","Joe Czerwinski","Syrah"
"15049","France",84,NA,"Provence","Joe Czerwinski","Rose"
"15057","France",89,72,"Rhône Valley","Joe Czerwinski","Syrah"
"15058","France",89,88,"Rhône Valley","Joe Czerwinski","Syrah"
"15066","France",87,15,"Provence","Joe Czerwinski","Rose"
"15078","France",84,11,"Rhône Valley","Joe Czerwinski","Rose"
"15133","France",93,84,"Rhône Valley","Joe Czerwinski","Syrah"
"15134","France",93,50,"Rhône Valley","Joe Czerwinski","Syrah"
"15135","France",93,90,"Rhône Valley","Joe Czerwinski","Syrah"
"15155","France",91,26,"Rhône Valley","Joe Czerwinski","Rose"
"15176","France",89,96,"Rhône Valley","Joe Czerwinski","Syrah"
"15207","France",86,13,"France Other","Joe Czerwinski","Rose"
"15208","France",86,15,"Rhône Valley","Joe Czerwinski","Rose"
"15215","France",92,42,"Rhône Valley","Joe Czerwinski","Syrah"
"15230","US",86,30,"California","Joe Czerwinski","Chardonnay"
"15245","France",89,54,"Rhône Valley","Joe Czerwinski","Syrah"
"15267","France",89,58,"Rhône Valley","Joe Czerwinski","Syrah"
"15272","France",87,10,"France Other","Joe Czerwinski","Merlot"
"15283","France",90,39,"Rhône Valley","Joe Czerwinski","Syrah"
"15289","France",90,12,"France Other","Joe Czerwinski","Merlot"
"15314","France",83,15,"Rhône Valley","Joe Czerwinski","Rose"
"15406","France",90,20,"Rhône Valley","Joe Czerwinski","Rose"
"15408","France",90,20,"France Other","Joe Czerwinski","Syrah"
"15433","France",86,15,"Rhône Valley","Joe Czerwinski","Rose"
"15440","France",90,30,"Rhône Valley","Joe Czerwinski","Syrah"
"15441","France",90,120,"Rhône Valley","Joe Czerwinski","Syrah"
"15452","France",93,84,"Rhône Valley","Joe Czerwinski","Syrah"
"15453","France",93,130,"Rhône Valley","Joe Czerwinski","Syrah"
"15471","France",92,17,"Rhône Valley","Joe Czerwinski","Syrah"
"15484","France",91,85,"Rhône Valley","Joe Czerwinski","Syrah"
"15492","France",89,15,"Rhône Valley","Joe Czerwinski","Syrah"
"15508","US",91,35,"California","Joe Czerwinski","Pinot Noir"
"15509","US",89,18,"California","Joe Czerwinski","Pinot Noir"
"15515","France",86,10,"Rhône Valley","Joe Czerwinski","Rose"
"15517","France",84,24,"Rhône Valley","Joe Czerwinski","Rose"
"15546","France",90,25,"Rhône Valley","Joe Czerwinski","Rose"
"15556","France",87,12,"Rhône Valley","Joe Czerwinski","Rose"
"15563","France",88,50,"Rhône Valley","Joe Czerwinski","Syrah"
"15568","France",88,17,"France Other","Joe Czerwinski","Rose"
"15584","France",89,15,"Rhône Valley","Joe Czerwinski","Rose"
"15605","France",90,100,"Provence","Joe Czerwinski","Rose"
"15613","France",86,17,"Rhône Valley","Joe Czerwinski","Rose"
"15652","France",90,NA,"Provence","Joe Czerwinski","Rose"
"15653","France",90,15,"Provence","Joe Czerwinski","Rose"
"15654","France",90,20,"Provence","Joe Czerwinski","Rose"
"15655","France",90,42,"Provence","Joe Czerwinski","Rose"
"15661","France",87,13,"Rhône Valley","Joe Czerwinski","Rose"
"15680","France",86,20,"Provence","Joe Czerwinski","Rose"
"15698","France",91,37,"Rhône Valley","Joe Czerwinski","Syrah"
"15730","France",86,18,"Rhône Valley","Joe Czerwinski","Syrah"
"15741","France",88,13,"Rhône Valley","Joe Czerwinski","Rose"
"15742","France",88,16,"Rhône Valley","Joe Czerwinski","Rose"
"15761","France",84,13,"Rhône Valley","Joe Czerwinski","Rose"
"15770","France",83,16,"France Other","Joe Czerwinski","Chardonnay"
"15790","France",90,69,"Rhône Valley","Joe Czerwinski","Syrah"
"15800","France",83,12,"Provence","Joe Czerwinski","Rose"
"15808","France",91,20,"Rhône Valley","Joe Czerwinski","Rose"
"15810","France",91,15,"Rhône Valley","Joe Czerwinski","Rose"
"15819","France",86,10,"France Other","Joe Czerwinski","Rose"
"15825","France",91,12,"Rhône Valley","Joe Czerwinski","Rose"
"15832","US",91,33,"Pennsylvania","Joe Czerwinski","Chardonnay"
"15847","France",86,12,"France Other","Joe Czerwinski","Rose"
"15855","France",84,26,"Rhône Valley","Joe Czerwinski","Syrah"
"15872","France",86,NA,"Rhône Valley","Joe Czerwinski","Rose"
"15878","France",88,30,"Rhône Valley","Joe Czerwinski","Rose"
"15883","France",88,25,"Rhône Valley","Joe Czerwinski","Rose"
"15948","France",88,13,"Rhône Valley","Joe Czerwinski","Rose"
"15952","US",88,22,"California","Joe Czerwinski","Chardonnay"
"15965","France",90,26,"Rhône Valley","Joe Czerwinski","Rose"
"15978","France",84,9,"Provence","Joe Czerwinski","Rose"
"15979","France",84,20,"Provence","Joe Czerwinski","Rose"
"15997","France",90,42,"Rhône Valley","Joe Czerwinski","Syrah"
"16007","France",85,12,"Rhône Valley","Joe Czerwinski","Rose"
"16023","France",88,13,"Rhône Valley","Joe Czerwinski","Syrah"
"16032","France",88,11,"Rhône Valley","Joe Czerwinski","Rose"
"16033","France",88,26,"Rhône Valley","Joe Czerwinski","Syrah"
"16036","US",87,15,"Oregon","Joe Czerwinski","Pinot Noir"
"16037","US",87,20,"Oregon","Joe Czerwinski","Pinot Noir"
"16038","US",86,25,"Oregon","Joe Czerwinski","Pinot Noir"
"16044","France",89,10,"France Other","Joe Czerwinski","Rose"
"16069","France",88,20,"Provence","Joe Czerwinski","Rose"
"16070","France",88,NA,"Provence","Joe Czerwinski","Rose"
"16098","France",93,78,"Rhône Valley","Joe Czerwinski","Syrah"
"16123","France",89,15,"Rhône Valley","Joe Czerwinski","Rose"
"16141","France",91,50,"Rhône Valley","Joe Czerwinski","Syrah"
"16152","France",85,13,"Rhône Valley","Joe Czerwinski","Rose"
"16168","France",86,13,"Rhône Valley","Joe Czerwinski","Rose"
"16169","France",86,15,"Rhône Valley","Joe Czerwinski","Rose"
"16186","France",87,13,"Rhône Valley","Joe Czerwinski","Rose"
"16189","France",83,13,"France Other","Joe Czerwinski","Rose"
"16201","France",86,15,"Rhône Valley","Joe Czerwinski","Rose"
"16203","France",90,13,"Rhône Valley","Joe Czerwinski","Rose"
"16209","France",92,105,"Rhône Valley","Joe Czerwinski","Syrah"
"16238","France",91,60,"Rhône Valley","Joe Czerwinski","Syrah"
"16263","France",86,12,"Rhône Valley","Joe Czerwinski","Rose"
"16264","France",86,12,"Rhône Valley","Joe Czerwinski","Rose"
"16268","France",87,13,"Rhône Valley","Joe Czerwinski","Rose"
"16276","France",93,15,"Rhône Valley","Joe Czerwinski","Rose"
"16279","France",92,22,"Rhône Valley","Joe Czerwinski","Rose"
"16292","France",89,21,"France Other","Joe Czerwinski","Rose"
"16293","France",91,27,"Provence","Joe Czerwinski","Rose"
"16307","France",85,18,"Provence","Joe Czerwinski","Rose"
"16312","France",86,13,"Rhône Valley","Joe Czerwinski","Rose"
"16328","France",88,18,"Rhône Valley","Joe Czerwinski","Rose"
"16334","US",84,22,"California","Joe Czerwinski","Pinot Noir"
"16359","France",89,50,"Rhône Valley","Joe Czerwinski","Syrah"
"16378","France",89,26,"Rhône Valley","Joe Czerwinski","Syrah"
"16389","France",87,13,"Rhône Valley","Joe Czerwinski","Rose"
"16390","France",87,14,"Rhône Valley","Joe Czerwinski","Rose"
"16412","France",93,22,"Rhône Valley","Joe Czerwinski","Rose"
"16484","France",87,15,"Rhône Valley","Joe Czerwinski","Rose"
"16491","France",91,16,"Rhône Valley","Joe Czerwinski","Rose"
"16498","France",84,16,"Rhône Valley","Joe Czerwinski","Rose"
"16500","France",83,10,"Rhône Valley","Joe Czerwinski","Rose"
"16536","France",92,17,"Rhône Valley","Joe Czerwinski","Rose"
"16547","France",89,17,"Rhône Valley","Joe Czerwinski","Rose"
"16554","France",90,39,"Rhône Valley","Joe Czerwinski","Syrah"
"16566","France",85,17,"Rhône Valley","Joe Czerwinski","Rose"
"16567","France",85,11,"Rhône Valley","Joe Czerwinski","Rose"
"16601","France",88,12,"Rhône Valley","Joe Czerwinski","Rose"
"16619","France",91,20,"Rhône Valley","Joe Czerwinski","Rose"
"16633","France",91,108,"Rhône Valley","Joe Czerwinski","Syrah"
"16653","France",85,NA,"Provence","Joe Czerwinski","Rose"
"16676","France",86,10,"Rhône Valley","Joe Czerwinski","Rose"
"16712","France",89,28,"Provence","Joe Czerwinski","Rose"
"16713","France",89,NA,"Provence","Joe Czerwinski","Rose"
"16736","US",90,65,"Oregon","Joe Czerwinski","Pinot Noir"
"16737","US",90,48,"California","Joe Czerwinski","Pinot Noir"
"16738","US",90,39,"Oregon","Joe Czerwinski","Pinot Noir"
"16739","US",89,48,"Oregon","Joe Czerwinski","Pinot Noir"
"16740","US",89,25,"Oregon","Joe Czerwinski","Pinot Noir"
"16741","US",89,34,"Oregon","Joe Czerwinski","Pinot Noir"
"16742","France",90,25,"Rhône Valley","Joe Czerwinski","Rose"
"16745","France",90,20,"Rhône Valley","Joe Czerwinski","Syrah"
"16757","France",89,20,"Rhône Valley","Joe Czerwinski","Syrah"
"16761","France",89,110,"Rhône Valley","Joe Czerwinski","Syrah"
"16763","France",93,90,"Rhône Valley","Joe Czerwinski","Syrah"
"16775","France",89,32,"Rhône Valley","Joe Czerwinski","Syrah"
"16798","US",87,9,"New York","Joe Czerwinski","Chardonnay"
"16805","France",90,28,"Rhône Valley","Joe Czerwinski","Syrah"
"16848","France",84,13,"Rhône Valley","Joe Czerwinski","Rose"
"16850","France",84,NA,"Rhône Valley","Joe Czerwinski","Rose"
"16857","France",87,10,"France Other","Joe Czerwinski","Rose"
"16927","France",89,21,"Rhône Valley","Joe Czerwinski","Syrah"
"16929","France",89,110,"Rhône Valley","Joe Czerwinski","Syrah"
"16936","France",89,57,"Rhône Valley","Joe Czerwinski","Syrah"
"16938","France",92,120,"Rhône Valley","Joe Czerwinski","Syrah"
"16939","France",92,85,"Rhône Valley","Joe Czerwinski","Syrah"
"16955","France",88,14,"Rhône Valley","Joe Czerwinski","Rose"
"16956","France",88,17,"Rhône Valley","Joe Czerwinski","Rose"
"16983","France",92,150,"Rhône Valley","Joe Czerwinski","Syrah"
"16985","France",86,10,"Rhône Valley","Joe Czerwinski","Rose"
"16991","France",85,20,"Rhône Valley","Joe Czerwinski","Rose"
"16994","France",86,12,"Rhône Valley","Joe Czerwinski","Rose"
"16995","France",86,18,"Rhône Valley","Joe Czerwinski","Rose"
"16999","France",91,39,"Rhône Valley","Joe Czerwinski","Rose"
"17009","France",91,78,"Rhône Valley","Joe Czerwinski","Syrah"
"17011","France",91,44,"Rhône Valley","Joe Czerwinski","Syrah"
"17051","France",87,NA,"Provence","Joe Czerwinski","Rose"
"17057","France",91,29,"Rhône Valley","Joe Czerwinski","Rose"
"17058","France",87,13,"Rhône Valley","Joe Czerwinski","Rose"
"17116","France",92,35,"Rhône Valley","Joe Czerwinski","Syrah"
"17127","France",91,85,"Rhône Valley","Joe Czerwinski","Syrah"
"17141","France",89,44,"Rhône Valley","Joe Czerwinski","Syrah"
"17163","France",91,NA,"Rhône Valley","Joe Czerwinski","Rose"
"17170","France",91,18,"Rhône Valley","Joe Czerwinski","Rose"
"17183","France",87,10,"Rhône Valley","Joe Czerwinski","Rose"
"17189","France",87,11,"Rhône Valley","Joe Czerwinski","Rose"
"17199","France",92,NA,"Rhône Valley","Joe Czerwinski","Syrah"
"17202","France",86,34,"Rhône Valley","Joe Czerwinski","Syrah"
"17240","France",92,NA,"Rhône Valley","Joe Czerwinski","Rose"
"17243","France",87,20,"Rhône Valley","Joe Czerwinski","Rose"
"17244","France",87,26,"Rhône Valley","Joe Czerwinski","Syrah"
"17251","France",89,96,"Rhône Valley","Joe Czerwinski","Syrah"
"17268","France",92,150,"Rhône Valley","Joe Czerwinski","Syrah"
"17269","France",86,18,"Rhône Valley","Joe Czerwinski","Rose"
"17270","France",86,12,"Rhône Valley","Joe Czerwinski","Rose"
"17294","France",89,8,"Languedoc-Roussillon","Joe Czerwinski","Syrah"
"17306","France",88,12,"Rhône Valley","Joe Czerwinski","Syrah"
"17308","France",88,16,"Rhône Valley","Joe Czerwinski","Rose"
"17327","France",89,15,"Rhône Valley","Joe Czerwinski","Rose"
"17338","France",87,NA,"Provence","Joe Czerwinski","Rose"
"17339","France",87,NA,"Provence","Joe Czerwinski","Rose"
"17341","France",87,42,"Provence","Joe Czerwinski","Rose"
"17348","France",92,17,"Rhône Valley","Joe Czerwinski","Syrah"
"17362","France",88,NA,"Rhône Valley","Joe Czerwinski","Syrah"
"17363","France",88,NA,"Rhône Valley","Joe Czerwinski","Rose"
"17373","France",91,42,"Rhône Valley","Joe Czerwinski","Syrah"
"17374","France",91,24,"Rhône Valley","Joe Czerwinski","Syrah"
"17377","France",92,110,"Rhône Valley","Joe Czerwinski","Syrah"
"17420","France",93,47,"Rhône Valley","Joe Czerwinski","Syrah"
"17446","France",93,85,"Rhône Valley","Joe Czerwinski","Syrah"
"17478","France",91,57,"Rhône Valley","Joe Czerwinski","Syrah"
"17480","France",90,61,"Rhône Valley","Joe Czerwinski","Syrah"
"17483","France",88,12,"Rhône Valley","Joe Czerwinski","Syrah"
"17511","US",87,17,"California","Joe Czerwinski","Chardonnay"
"17513","US",87,43,"California","Joe Czerwinski","Chardonnay"
"17517","US",87,23,"California","Joe Czerwinski","Chardonnay"
"17518","US",87,10,"California","Joe Czerwinski","Syrah"
"17528","France",92,16,"Rhône Valley","Joe Czerwinski","Rose"
"17531","US",83,16,"Oregon","Joe Czerwinski","Pinot Noir"
"17532","US",83,9,"Oregon","Joe Czerwinski","Pinot Noir"
"17533","US",81,14,"Oregon","Joe Czerwinski","Pinot Noir"
"17539","France",89,13,"Rhône Valley","Joe Czerwinski","Rose"
"17549","France",87,14,"Rhône Valley","Joe Czerwinski","Rose"
"17550","France",87,15,"Rhône Valley","Joe Czerwinski","Rose"
"17553","France",90,145,"Rhône Valley","Joe Czerwinski","Syrah"
"17585","US",83,10,"New York","Joe Czerwinski","Chardonnay"
"17586","US",83,7,"New York","Joe Czerwinski","Chardonnay"
"17588","US",83,10,"New York","Joe Czerwinski","Rose"
"17589","US",83,11,"New York","Joe Czerwinski","Rose"
"17590","US",83,10,"New York","Joe Czerwinski","Pinot Noir"
"17592","US",83,18,"New York","Joe Czerwinski","Merlot"
"17593","US",83,16,"New York","Joe Czerwinski","Merlot"
"17595","US",83,15,"New York","Joe Czerwinski","Chardonnay"
"17599","US",83,19,"New York","Joe Czerwinski","Merlot"
"17617","France",89,12,"Provence","Joe Czerwinski","Rose"
"17622","France",86,10,"France Other","Joe Czerwinski","Merlot"
"17627","France",88,22,"Rhône Valley","Joe Czerwinski","Syrah"
"17630","France",90,16,"Rhône Valley","Joe Czerwinski","Rose"
"17634","France",91,22,"Rhône Valley","Joe Czerwinski","Rose"
"17653","France",92,85,"Rhône Valley","Joe Czerwinski","Syrah"
"17659","France",90,13,"Rhône Valley","Joe Czerwinski","Rose"
"17667","France",92,18,"Rhône Valley","Joe Czerwinski","Rose"
"17678","France",86,23,"France Other","Joe Czerwinski","Rose"
"17692","France",89,27,"Rhône Valley","Joe Czerwinski","Syrah"
"17782","France",91,80,"Rhône Valley","Joe Czerwinski","Syrah"
"17784","France",91,30,"Rhône Valley","Joe Czerwinski","Syrah"
"17794","France",88,NA,"Rhône Valley","Joe Czerwinski","Rose"
"17799","France",88,13,"Rhône Valley","Joe Czerwinski","Rose"
"17811","France",87,28,"Rhône Valley","Joe Czerwinski","Syrah"
"17844","France",88,43,"Rhône Valley","Joe Czerwinski","Syrah"
"17862","France",85,12,"Rhône Valley","Joe Czerwinski","Rose"
"17871","France",86,10,"France Other","Joe Czerwinski","Merlot"
"17887","France",87,18,"Rhône Valley","Joe Czerwinski","Rose"
"17902","France",88,28,"Rhône Valley","Joe Czerwinski","Syrah"
"17916","France",94,48,"Rhône Valley","Joe Czerwinski","Syrah"
"17919","France",91,30,"Rhône Valley","Joe Czerwinski","Syrah"
"17925","France",91,58,"Rhône Valley","Joe Czerwinski","Syrah"
"17927","France",91,120,"Rhône Valley","Joe Czerwinski","Syrah"
"17955","France",82,13,"Rhône Valley","Joe Czerwinski","Rose"
"17957","France",89,20,"Rhône Valley","Joe Czerwinski","Syrah"
"18058","France",85,18,"Rhône Valley","Joe Czerwinski","Syrah"
"18075","France",87,30,"Rhône Valley","Joe Czerwinski","Syrah"
"18087","France",88,16,"Rhône Valley","Joe Czerwinski","Rose"
"18088","France",89,22,"Rhône Valley","Joe Czerwinski","Rose"
"18101","France",89,30,"Rhône Valley","Joe Czerwinski","Syrah"
"18114","France",89,30,"Rhône Valley","Joe Czerwinski","Syrah"
"18128","France",90,75,"Rhône Valley","Joe Czerwinski","Syrah"
"18129","France",90,17,"Rhône Valley","Joe Czerwinski","Rose"
"18137","France",92,16,"Rhône Valley","Joe Czerwinski","Rose"
"18140","France",90,28,"Rhône Valley","Joe Czerwinski","Syrah"
"18163","France",92,166,"Rhône Valley","Joe Czerwinski","Syrah"
"18180","France",88,30,"Rhône Valley","Joe Czerwinski","Rose"
"18181","France",90,20,"Rhône Valley","Joe Czerwinski","Rose"
"18233","France",86,17,"Rhône Valley","Joe Czerwinski","Rose"
"18234","France",86,11,"Rhône Valley","Joe Czerwinski","Rose"
"18235","France",86,13,"France Other","Joe Czerwinski","Rose"
"18392","France",86,13,"Rhône Valley","Joe Czerwinski","Rose"
"18393","France",86,13,"Rhône Valley","Joe Czerwinski","Rose"
"18431","France",91,30,"Rhône Valley","Joe Czerwinski","Syrah"
"18432","France",90,20,"Rhône Valley","Joe Czerwinski","Rose"
"18436","France",87,19,"Rhône Valley","Joe Czerwinski","Rose"
"18437","France",87,10,"Rhône Valley","Joe Czerwinski","Rose"
"18447","France",91,88,"Rhône Valley","Joe Czerwinski","Syrah"
"18453","France",90,21,"Rhône Valley","Joe Czerwinski","Syrah"
"18471","France",84,13,"Rhône Valley","Joe Czerwinski","Rose"
"18472","France",84,16,"Rhône Valley","Joe Czerwinski","Syrah"
"18478","France",87,25,"Rhône Valley","Joe Czerwinski","Syrah"
"18482","France",93,15,"Rhône Valley","Joe Czerwinski","Rose"
"18483","France",90,24,"Rhône Valley","Joe Czerwinski","Rose"
"37470","Argentina",85,12,"Other","Michael Schachner","Chardonnay"
"37506","Spain",87,11,"Northern Spain","Michael Schachner","Rose"
"37535","Argentina",90,46,"Mendoza Province","Michael Schachner","Chardonnay"
"37558","Spain",87,18,"Northern Spain","Michael Schachner","Rose"
"37582","Argentina",86,17,"Mendoza Province","Michael Schachner","Chardonnay"
"37583","Argentina",86,12,"Mendoza Province","Michael Schachner","Merlot"
"37610","Argentina",85,12,"Other","Michael Schachner","Chardonnay"
"37611","Argentina",85,10,"Mendoza Province","Michael Schachner","Chardonnay"
"37618","Spain",86,15,"Catalonia","Michael Schachner","Chardonnay"
"37627","Argentina",85,13,"Mendoza Province","Michael Schachner","Rose"
"37630","Argentina",85,10,"Mendoza Province","Michael Schachner","Rose"
"37634","Argentina",85,20,"Other","Michael Schachner","Merlot"
"37689","Spain",85,4,"Central Spain","Michael Schachner","Syrah"
"37694","Spain",84,10,"Central Spain","Michael Schachner","Syrah"
"37708","Spain",84,8,"Northern Spain","Michael Schachner","Rose"
"37714","Spain",90,31,"Northern Spain","Michael Schachner","Rose"
"37754","Argentina",83,12,"Other","Michael Schachner","Chardonnay"
"37789","Argentina",84,10,"Mendoza Province","Michael Schachner","Chardonnay"
"37805","Argentina",84,11,"Mendoza Province","Michael Schachner","Chardonnay"
"37809","Argentina",86,10,"Mendoza Province","Michael Schachner","Syrah"
"37852","Spain",87,15,"Catalonia","Michael Schachner","Pinot Noir"
"37858","Spain",84,9,"Northern Spain","Michael Schachner","Chardonnay"
"37863","Argentina",84,11,"Other","Michael Schachner","Chardonnay"
"37880","Argentina",89,20,"Mendoza Province","Michael Schachner","Chardonnay"
"37916","Spain",86,9,"Northern Spain","Michael Schachner","Rose"
"37928","Argentina",87,35,"Mendoza Province","Michael Schachner","Chardonnay"
"37936","Argentina",83,10,"Mendoza Province","Michael Schachner","Rose"
"37956","Spain",86,15,"Northern Spain","Michael Schachner","Chardonnay"
"37987","Argentina",91,120,"Other","Michael Schachner","Pinot Noir"
"38002","Spain",81,7,"Central Spain","Michael Schachner","Rose"
"38032","Argentina",85,13,"Mendoza Province","Michael Schachner","Rose"
"38034","Argentina",85,15,"Other","Michael Schachner","Pinot Noir"
"38074","Spain",87,18,"Catalonia","Michael Schachner","Pinot Noir"
"38075","Spain",87,9,"Northern Spain","Michael Schachner","Rose"
"38087","Spain",88,10,"Northern Spain","Michael Schachner","Rose"
"38090","Spain",87,12,"Northern Spain","Michael Schachner","Rose"
"38091","Spain",87,9,"Northern Spain","Michael Schachner","Rose"
"38099","Argentina",88,30,"Other","Michael Schachner","Pinot Noir"
"38153","Spain",83,13,"Northern Spain","Michael Schachner","Rose"
"38159","Argentina",84,20,"Mendoza Province","Michael Schachner","Chardonnay"
"38162","Argentina",84,13,"Mendoza Province","Michael Schachner","Chardonnay"
"38191","US",89,24,"Oregon","Michael Schachner","Pinot Noir"
"38192","US",89,30,"Oregon","Michael Schachner","Pinot Noir"
"38193","US",88,25,"Oregon","Michael Schachner","Pinot Noir"
"38194","US",88,24,"Oregon","Michael Schachner","Pinot Noir"
"38195","US",88,25,"Oregon","Michael Schachner","Pinot Noir"
"38196","US",88,28,"Oregon","Michael Schachner","Pinot Noir"
"38197","US",88,40,"Oregon","Michael Schachner","Pinot Noir"
"38204","Argentina",87,18,"Mendoza Province","Michael Schachner","Chardonnay"
"38221","Argentina",83,11,"Mendoza Province","Michael Schachner","Chardonnay"
"38227","Argentina",86,12,"Mendoza Province","Michael Schachner","Rose"
"38230","Argentina",83,17,"Mendoza Province","Michael Schachner","Pinot Noir"
"38298","Argentina",87,19,"Mendoza Province","Michael Schachner","Chardonnay"
"38310","Spain",84,14,"Northern Spain","Michael Schachner","Chardonnay"
"38374","Argentina",83,12,"Other","Michael Schachner","Chardonnay"
"38385","Argentina",85,NA,"Other","Michael Schachner","Merlot"
"38490","Spain",88,65,"Catalonia","Michael Schachner","Chardonnay"
"38516","Argentina",88,15,"Mendoza Province","Michael Schachner","Syrah"
"38590","Argentina",83,9,"Mendoza Province","Michael Schachner","Chardonnay"
"38625","Argentina",86,15,"Mendoza Province","Michael Schachner","Merlot"
"38627","Argentina",86,15,"Mendoza Province","Michael Schachner","Chardonnay"
"38628","Argentina",86,12,"Mendoza Province","Michael Schachner","Chardonnay"
"38629","Argentina",86,11,"Mendoza Province","Michael Schachner","Syrah"
"38640","Argentina",89,27,"Mendoza Province","Michael Schachner","Syrah"
"38646","Argentina",92,35,"Mendoza Province","Michael Schachner","Chardonnay"
"38669","Argentina",88,20,"Mendoza Province","Michael Schachner","Pinot Noir"
"38755","Argentina",84,13,"Other","Michael Schachner","Chardonnay"
"38761","Argentina",84,20,"Mendoza Province","Michael Schachner","Chardonnay"
"38779","Spain",86,14,"Central Spain","Michael Schachner","Rose"
"38795","Argentina",84,13,"Mendoza Province","Michael Schachner","Syrah"
"38806","Spain",87,14,"Northern Spain","Michael Schachner","Rose"
"38835","Spain",91,NA,"Northern Spain","Michael Schachner","Syrah"
"38836","Argentina",83,10,"Mendoza Province","Michael Schachner","Chardonnay"
"38902","Argentina",82,8,"Mendoza Province","Michael Schachner","Merlot"
"38935","Argentina",84,10,"Mendoza Province","Michael Schachner","Chardonnay"
"38944","Argentina",88,20,"Mendoza Province","Michael Schachner","Chardonnay"
"38969","Spain",88,18,"Catalonia","Michael Schachner","Chardonnay"
"38987","Spain",91,90,"Spain Other","Michael Schachner","Chardonnay"
"39001","Argentina",82,8,"Mendoza Province","Michael Schachner","Chardonnay"
"39005","Argentina",81,11,"Mendoza Province","Michael Schachner","Chardonnay"
"39010","Spain",90,40,"Northern Spain","Michael Schachner","Merlot"
"39015","Spain",85,7,"Central Spain","Michael Schachner","Rose"
"39144","Argentina",88,20,"Mendoza Province","Michael Schachner","Chardonnay"
"39145","Argentina",88,NA,"Other","Michael Schachner","Chardonnay"
"39147","Argentina",83,9,"Mendoza Province","Michael Schachner","Syrah"
"39148","Argentina",83,10,"Mendoza Province","Michael Schachner","Merlot"
"39267","Argentina",86,10,"Mendoza Province","Michael Schachner","Merlot"
"39281","Argentina",84,13,"Mendoza Province","Michael Schachner","Chardonnay"
"39284","Argentina",83,10,"Mendoza Province","Michael Schachner","Chardonnay"
"39301","Argentina",84,11,"Mendoza Province","Michael Schachner","Pinot Noir"
"39303","Argentina",84,22,"Mendoza Province","Michael Schachner","Chardonnay"
"39305","Spain",86,14,"Northern Spain","Michael Schachner","Rose"
"39331","Argentina",80,17,"Mendoza Province","Michael Schachner","Pinot Noir"
"39379","Argentina",84,12,"Mendoza Province","Michael Schachner","Chardonnay"
"39381","Argentina",84,10,"Mendoza Province","Michael Schachner","Chardonnay"
"39383","Argentina",83,8,"Other","Michael Schachner","Chardonnay"
"39393","Spain",90,45,"Catalonia","Michael Schachner","Syrah"
"39398","Argentina",86,13,"Mendoza Province","Michael Schachner","Pinot Noir"
"39471","Spain",85,8,"Central Spain","Michael Schachner","Rose"
"39475","Spain",85,12,"Northern Spain","Michael Schachner","Rose"
"39486","Argentina",84,12,"Mendoza Province","Michael Schachner","Chardonnay"
"39493","Spain",90,26,"Catalonia","Michael Schachner","Chardonnay"
"39518","Argentina",84,NA,"Mendoza Province","Michael Schachner","Chardonnay"
"39524","Argentina",83,16,"Mendoza Province","Michael Schachner","Merlot"
"39535","Spain",86,12,"Northern Spain","Michael Schachner","Rose"
"39559","Spain",89,14,"Northern Spain","Michael Schachner","Chardonnay"
"39633","Argentina",85,15,"Other","Michael Schachner","Pinot Noir"
"39654","Spain",91,40,"Central Spain","Michael Schachner","Syrah"
"39663","Spain",86,10,"Northern Spain","Michael Schachner","Rose"
"39669","Argentina",86,16,"Other","Michael Schachner","Syrah"
"39683","Argentina",83,25,"Mendoza Province","Michael Schachner","Rose"
"39717","US",92,25,"Oregon","Michael Schachner","Pinot Noir"
"39718","US",92,35,"Oregon","Michael Schachner","Pinot Noir"
"39719","US",92,39,"Oregon","Michael Schachner","Pinot Noir"
"39721","US",91,36,"Oregon","Michael Schachner","Pinot Noir"
"39722","US",90,25,"Oregon","Michael Schachner","Pinot Noir"
"39723","US",90,18,"Oregon","Michael Schachner","Pinot Noir"
"39782","Argentina",87,7,"Mendoza Province","Michael Schachner","Chardonnay"
"39807","Argentina",84,22,"Mendoza Province","Michael Schachner","Pinot Noir"
"39811","Argentina",84,14,"Mendoza Province","Michael Schachner","Chardonnay"
"39814","Argentina",84,17,"Mendoza Province","Michael Schachner","Rose"
"39833","Argentina",85,17,"Mendoza Province","Michael Schachner","Pinot Noir"
"39835","Spain",88,53,"Catalonia","Michael Schachner","Chardonnay"
"39891","Spain",84,12,"Northern Spain","Michael Schachner","Rose"
"39913","Argentina",86,22,"Mendoza Province","Michael Schachner","Chardonnay"
"39939","Spain",85,10,"Northern Spain","Michael Schachner","Rose"
"39955","Argentina",86,15,"Mendoza Province","Michael Schachner","Chardonnay"
"39956","Argentina",87,10,"Mendoza Province","Michael Schachner","Chardonnay"
"39968","Argentina",83,12,"Mendoza Province","Michael Schachner","Chardonnay"
"39971","Argentina",82,10,"Mendoza Province","Michael Schachner","Merlot"
"40001","Argentina",83,13,"Mendoza Province","Michael Schachner","Chardonnay"
"40017","Argentina",87,30,"Mendoza Province","Michael Schachner","Chardonnay"
"40023","Argentina",89,35,"Mendoza Province","Michael Schachner","Chardonnay"
"40039","Argentina",86,14,"Mendoza Province","Michael Schachner","Merlot"
"40040","Argentina",86,11,"Mendoza Province","Michael Schachner","Pinot Noir"
"40044","Spain",86,15,"Northern Spain","Michael Schachner","Syrah"
"40069","Spain",91,30,"Northern Spain","Michael Schachner","Syrah"
"40089","Argentina",84,10,"Mendoza Province","Michael Schachner","Pinot Noir"
"40100","Argentina",89,120,"Mendoza Province","Michael Schachner","Chardonnay"
"40105","Argentina",81,17,"Other","Michael Schachner","Pinot Noir"
"40131","Argentina",85,15,"Mendoza Province","Michael Schachner","Pinot Noir"
"40148","Argentina",88,25,"Mendoza Province","Michael Schachner","Chardonnay"
"40196","Argentina",86,20,"Other","Michael Schachner","Pinot Noir"
"40225","Argentina",85,25,"Mendoza Province","Michael Schachner","Chardonnay"
"40248","Argentina",80,13,"Mendoza Province","Michael Schachner","Chardonnay"
"40271","Argentina",84,10,"Mendoza Province","Michael Schachner","Chardonnay"
"40275","Argentina",84,13,"Mendoza Province","Michael Schachner","Merlot"
"40286","Argentina",88,20,"Mendoza Province","Michael Schachner","Chardonnay"
"40308","Argentina",85,10,"Mendoza Province","Michael Schachner","Rose"
"40312","Argentina",85,11,"Mendoza Province","Michael Schachner","Chardonnay"
"40330","Argentina",85,8,"Mendoza Province","Michael Schachner","Chardonnay"
"40352","Argentina",87,12,"Mendoza Province","Michael Schachner","Chardonnay"
"40354","Argentina",87,14,"Mendoza Province","Michael Schachner","Merlot"
"40369","Argentina",88,15,"Mendoza Province","Michael Schachner","Chardonnay"
"40372","Argentina",85,17,"Mendoza Province","Michael Schachner","Merlot"
"40453","Argentina",87,20,"Mendoza Province","Michael Schachner","Chardonnay"
"40459","Argentina",86,9,"Mendoza Province","Michael Schachner","Rose"
"40509","Spain",92,50,"Catalonia","Michael Schachner","Rose"
"40516","Spain",85,12,"Northern Spain","Michael Schachner","Rose"
"40523","Spain",84,12,"Northern Spain","Michael Schachner","Rose"
"40529","Argentina",84,9,"Other","Michael Schachner","Chardonnay"
"40597","Argentina",88,30,"Mendoza Province","Michael Schachner","Chardonnay"
"40601","Argentina",88,30,"Mendoza Province","Michael Schachner","Pinot Noir"
"40623","Spain",87,12,"Northern Spain","Michael Schachner","Chardonnay"
"40630","Spain",86,9,"Levante","Michael Schachner","Rose"
"40631","Spain",86,15,"Northern Spain","Michael Schachner","Chardonnay"
"40639","Spain",88,65,"Catalonia","Michael Schachner","Chardonnay"
"40722","Argentina",85,13,"Mendoza Province","Michael Schachner","Merlot"
"40723","Spain",86,14,"Northern Spain","Michael Schachner","Rose"
"40729","Spain",86,9,"Spain Other","Michael Schachner","Rose"
"40747","Spain",87,15,"Northern Spain","Michael Schachner","Merlot"
"40751","Spain",82,9,"Northern Spain","Michael Schachner","Rose"
"40757","Spain",80,9,"Central Spain","Michael Schachner","Merlot"
"40768","Argentina",87,12,"Other","Michael Schachner","Pinot Noir"
"40777","Argentina",85,11,"Mendoza Province","Michael Schachner","Chardonnay"
"40796","Spain",85,12,"Northern Spain","Michael Schachner","Rose"
"40799","Argentina",85,10,"Mendoza Province","Michael Schachner","Chardonnay"
"40808","Argentina",86,20,"Mendoza Province","Michael Schachner","Chardonnay"
"40824","Argentina",85,10,"Mendoza Province","Michael Schachner","Pinot Noir"
"40825","Argentina",85,16,"Mendoza Province","Michael Schachner","Chardonnay"
"40828","Spain",87,14,"Northern Spain","Michael Schachner","Rose"
"40832","Spain",86,14,"Northern Spain","Michael Schachner","Rose"
"40844","Argentina",89,20,"Other","Michael Schachner","Pinot Noir"
"40845","Argentina",89,46,"Mendoza Province","Michael Schachner","Chardonnay"
"40877","Argentina",83,20,"Other","Michael Schachner","Merlot"
"40901","Spain",86,30,"Central Spain","Michael Schachner","Rose"
"40912","Argentina",86,12,"Mendoza Province","Michael Schachner","Pinot Noir"
"40953","Spain",86,10,"Northern Spain","Michael Schachner","Rose"
"40990","Argentina",85,15,"Other","Michael Schachner","Pinot Noir"
"40992","Argentina",85,15,"Mendoza Province","Michael Schachner","Pinot Noir"
"41013","US",82,39,"Oregon","Michael Schachner","Pinot Noir"
"41046","Spain",83,10,"Central Spain","Michael Schachner","Merlot"
"41119","Argentina",87,12,"Mendoza Province","Michael Schachner","Chardonnay"
"41160","Argentina",85,15,"Mendoza Province","Michael Schachner","Syrah"
"41161","Argentina",85,9,"Mendoza Province","Michael Schachner","Chardonnay"
"41166","Argentina",87,14,"Mendoza Province","Michael Schachner","Chardonnay"
"41184","Argentina",82,12,"Mendoza Province","Michael Schachner","Rose"
"41187","Argentina",82,20,"Mendoza Province","Michael Schachner","Chardonnay"
"41189","Argentina",82,19,"Mendoza Province","Michael Schachner","Chardonnay"
"41190","Argentina",82,13,"Mendoza Province","Michael Schachner","Merlot"
"41191","Argentina",82,17,"Other","Michael Schachner","Chardonnay"
"41205","Spain",87,23,"Catalonia","Michael Schachner","Syrah"
"41227","Argentina",90,24,"Other","Michael Schachner","Pinot Noir"
"41250","Spain",90,30,"Northern Spain","Michael Schachner","Syrah"
"41257","Spain",82,10,"Northern Spain","Michael Schachner","Rose"
"41258","Spain",82,10,"Northern Spain","Michael Schachner","Rose"
"41259","Spain",81,12,"Northern Spain","Michael Schachner","Rose"
"41260","Spain",81,15,"Central Spain","Michael Schachner","Syrah"
"41261","Spain",81,14,"Northern Spain","Michael Schachner","Rose"
"41277","Argentina",86,18,"Mendoza Province","Michael Schachner","Merlot"
"41318","Spain",88,45,"Central Spain","Michael Schachner","Syrah"
"41331","Argentina",89,90,"Mendoza Province","Michael Schachner","Chardonnay"
"41359","Argentina",87,12,"Mendoza Province","Michael Schachner","Merlot"
"41362","Argentina",87,19,"Mendoza Province","Michael Schachner","Chardonnay"
"41371","Argentina",84,NA,"Mendoza Province","Michael Schachner","Chardonnay"
"41373","Argentina",84,12,"Mendoza Province","Michael Schachner","Rose"
"41374","Argentina",84,15,"Mendoza Province","Michael Schachner","Chardonnay"
"41391","Spain",88,13,"Northern Spain","Michael Schachner","Rose"
"41420","Argentina",84,10,"Mendoza Province","Michael Schachner","Chardonnay"
"41422","Argentina",84,7,"Mendoza Province","Michael Schachner","Pinot Noir"
"41469","Argentina",84,25,"Mendoza Province","Michael Schachner","Syrah"
"41479","Argentina",81,14,"Mendoza Province","Michael Schachner","Syrah"
"41483","Spain",81,13,"Northern Spain","Michael Schachner","Rose"
"41511","Argentina",81,10,"Mendoza Province","Michael Schachner","Chardonnay"
"41545","US",85,20,"Oregon","Michael Schachner","Pinot Noir"
"41546","US",85,14,"Oregon","Michael Schachner","Pinot Noir"
"41547","US",85,25,"Oregon","Michael Schachner","Pinot Noir"
"41548","US",84,22,"Oregon","Michael Schachner","Pinot Noir"
"41549","US",84,12,"Oregon","Michael Schachner","Pinot Noir"
"41550","US",84,30,"Oregon","Michael Schachner","Pinot Noir"
"41551","US",84,45,"America","Michael Schachner","Pinot Noir"
"41552","US",83,28,"Oregon","Michael Schachner","Pinot Noir"
"41553","US",83,10,"Oregon","Michael Schachner","Pinot Noir"
"41571","Argentina",84,10,"Mendoza Province","Michael Schachner","Syrah"
"41644","Spain",90,31,"Northern Spain","Michael Schachner","Rose"
"41669","Argentina",84,11,"Mendoza Province","Michael Schachner","Syrah"
"41693","Argentina",86,9,"Other","Michael Schachner","Pinot Noir"
"41729","Argentina",84,15,"Mendoza Province","Michael Schachner","Chardonnay"
"41735","Argentina",85,12,"Mendoza Province","Michael Schachner","Merlot"
"41741","Argentina",90,46,"Mendoza Province","Michael Schachner","Chardonnay"
"41751","Spain",80,8,"Levante","Michael Schachner","Rose"
"41778","Spain",87,8,"Northern Spain","Michael Schachner","Rose"
"41822","Spain",87,7,"Central Spain","Michael Schachner","Rose"
"41835","Argentina",83,22,"Mendoza Province","Michael Schachner","Chardonnay"
"41857","Spain",92,30,"Northern Spain","Michael Schachner","Syrah"
"41871","Argentina",84,10,"Mendoza Province","Michael Schachner","Pinot Noir"
"41910","Argentina",85,NA,"Mendoza Province","Michael Schachner","Chardonnay"
"41923","Spain",91,37,"Levante","Michael Schachner","Syrah"
"41937","Argentina",85,7,"Mendoza Province","Michael Schachner","Chardonnay"
"41940","Argentina",85,11,"Mendoza Province","Michael Schachner","Chardonnay"
"41948","Argentina",86,18,"Mendoza Province","Michael Schachner","Chardonnay"
"41977","Spain",85,8,"Northern Spain","Michael Schachner","Rose"
"42073","Spain",83,10,"Catalonia","Michael Schachner","Chardonnay"
"42102","Argentina",80,19,"Mendoza Province","Michael Schachner","Rose"
"42117","Argentina",89,31,"Other","Michael Schachner","Pinot Noir"
"42127","Spain",91,27,"Catalonia","Michael Schachner","Chardonnay"
"42129","Argentina",80,14,"Mendoza Province","Michael Schachner","Chardonnay"
"42136","Spain",87,65,"Catalonia","Michael Schachner","Chardonnay"
"42190","Spain",87,9,"Northern Spain","Michael Schachner","Rose"
"42194","Argentina",87,12,"Mendoza Province","Michael Schachner","Rose"
"42197","Argentina",87,25,"Mendoza Province","Michael Schachner","Chardonnay"
"42206","Spain",84,7,"Central Spain","Michael Schachner","Rose"
"42214","Spain",84,8,"Northern Spain","Michael Schachner","Rose"
"42216","Spain",87,13,"Northern Spain","Michael Schachner","Rose"
"42217","Spain",87,12,"Catalonia","Michael Schachner","Rose"
"42218","Spain",87,12,"Northern Spain","Michael Schachner","Rose"
"42221","Spain",87,9,"Northern Spain","Michael Schachner","Rose"
"42225","Argentina",87,18,"Mendoza Province","Michael Schachner","Chardonnay"
"42238","Argentina",88,12,"Mendoza Province","Michael Schachner","Syrah"
"42290","Argentina",86,18,"Mendoza Province","Michael Schachner","Syrah"
"42303","Spain",84,10,"Central Spain","Michael Schachner","Chardonnay"
"42305","Spain",83,12,"Northern Spain","Michael Schachner","Chardonnay"
"42312","Argentina",86,12,"Mendoza Province","Michael Schachner","Merlot"
"42328","Argentina",86,15,"Mendoza Province","Michael Schachner","Pinot Noir"
"42365","Argentina",86,20,"Other","Michael Schachner","Pinot Noir"
"42387","Spain",87,11,"Northern Spain","Michael Schachner","Rose"
"42397","Spain",88,18,"Catalonia","Michael Schachner","Pinot Noir"
"42409","Argentina",85,14,"Mendoza Province","Michael Schachner","Chardonnay"
"42443","Argentina",83,12,"Mendoza Province","Michael Schachner","Chardonnay"
"42447","Spain",83,14,"Northern Spain","Michael Schachner","Rose"
"42455","Spain",82,9,"Central Spain","Michael Schachner","Chardonnay"
"42466","Spain",80,9,"Central Spain","Michael Schachner","Chardonnay"
"42478","Spain",86,21,"Northern Spain","Michael Schachner","Rose"
"42481","Argentina",86,17,"Other","Michael Schachner","Chardonnay"
"42494","Argentina",85,11,"Mendoza Province","Michael Schachner","Chardonnay"
"42519","Argentina",82,22,"Mendoza Province","Michael Schachner","Chardonnay"
"42522","Argentina",82,15,"Mendoza Province","Michael Schachner","Rose"
"42528","Argentina",82,16,"Mendoza Province","Michael Schachner","Chardonnay"
"42553","Argentina",85,10,"Mendoza Province","Michael Schachner","Chardonnay"
"42554","Argentina",85,11,"Mendoza Province","Michael Schachner","Chardonnay"
"42559","Spain",87,12,"Catalonia","Michael Schachner","Pinot Noir"
"42571","Spain",85,10,"Northern Spain","Michael Schachner","Rose"
"42581","Argentina",84,22,"Other","Michael Schachner","Pinot Noir"
"42601","Argentina",84,20,"Other","Michael Schachner","Pinot Noir"
"42630","Spain",88,25,"Catalonia","Michael Schachner","Pinot Noir"
"42660","Argentina",87,25,"Mendoza Province","Michael Schachner","Syrah"
"42699","Argentina",87,33,"Mendoza Province","Michael Schachner","Pinot Noir"
"42716","Spain",84,16,"Catalonia","Michael Schachner","Rose"
"42718","Spain",84,17,"Levante","Michael Schachner","Chardonnay"
"42725","Spain",86,15,"Northern Spain","Michael Schachner","Chardonnay"
"42736","Argentina",85,11,"Mendoza Province","Michael Schachner","Merlot"
"42737","Argentina",85,12,"Mendoza Province","Michael Schachner","Chardonnay"
"42769","Argentina",85,13,"Mendoza Province","Michael Schachner","Chardonnay"
"42771","Spain",85,10,"Northern Spain","Michael Schachner","Rose"
"42773","Argentina",85,9,"Mendoza Province","Michael Schachner","Chardonnay"
"42809","Argentina",85,22,"Mendoza Province","Michael Schachner","Pinot Noir"
"42828","Argentina",91,25,"Mendoza Province","Michael Schachner","Syrah"
"42841","Spain",90,100,"Catalonia","Michael Schachner","Syrah"
"42844","US",83,24,"Oregon","Michael Schachner","Pinot Noir"
"42845","US",83,22,"Oregon","Michael Schachner","Chardonnay"
"42850","Argentina",84,11,"Mendoza Province","Michael Schachner","Syrah"
"42859","Argentina",86,15,"Mendoza Province","Michael Schachner","Chardonnay"
"42861","Argentina",86,12,"Mendoza Province","Michael Schachner","Chardonnay"
"42868","Argentina",90,35,"Mendoza Province","Michael Schachner","Chardonnay"
"42947","Argentina",85,17,"Mendoza Province","Michael Schachner","Chardonnay"
"42994","Spain",88,12,"Northern Spain","Michael Schachner","Rose"
"43052","Spain",88,22,"Central Spain","Michael Schachner","Syrah"
"43058","Argentina",87,23,"Mendoza Province","Michael Schachner","Chardonnay"
"43143","Argentina",82,22,"Mendoza Province","Michael Schachner","Chardonnay"
"43153","Argentina",86,17,"Mendoza Province","Michael Schachner","Chardonnay"
"43166","Spain",84,15,"Northern Spain","Michael Schachner","Chardonnay"
"43167","Spain",84,11,"Central Spain","Michael Schachner","Chardonnay"
"43174","Argentina",84,11,"Other","Michael Schachner","Chardonnay"
"43182","Argentina",84,14,"Mendoza Province","Michael Schachner","Rose"
"43198","Spain",83,19,"Catalonia","Michael Schachner","Rose"
"43262","Argentina",84,8,"Mendoza Province","Michael Schachner","Chardonnay"
"43264","Argentina",84,17,"Other","Michael Schachner","Chardonnay"
"43265","Spain",84,15,"Catalonia","Michael Schachner","Rose"
"43266","Argentina",84,13,"Mendoza Province","Michael Schachner","Chardonnay"
"43301","Argentina",89,32,"Mendoza Province","Michael Schachner","Chardonnay"
"43328","Argentina",88,39,"Mendoza Province","Michael Schachner","Chardonnay"
"43329","Argentina",88,19,"Mendoza Province","Michael Schachner","Chardonnay"
"43330","Argentina",88,17,"Mendoza Province","Michael Schachner","Chardonnay"
"43353","Spain",87,24,"Catalonia","Michael Schachner","Syrah"
"43368","Spain",84,9,"Northern Spain","Michael Schachner","Rose"
"43375","Argentina",83,15,"Mendoza Province","Michael Schachner","Chardonnay"
"43427","Argentina",90,27,"Mendoza Province","Michael Schachner","Pinot Noir"
"43444","Spain",85,12,"Northern Spain","Michael Schachner","Merlot"
"43466","Spain",85,12,"Catalonia","Michael Schachner","Rose"
"43476","Argentina",83,13,"Mendoza Province","Michael Schachner","Syrah"
"43498","Spain",84,15,"Catalonia","Michael Schachner","Chardonnay"
"43504","Spain",83,12,"Northern Spain","Michael Schachner","Chardonnay"
"43511","Argentina",83,25,"Other","Michael Schachner","Pinot Noir"
"43545","Argentina",88,17,"Other","Michael Schachner","Pinot Noir"
"43578","France",92,33,"Burgundy","Michael Schachner","Pinot Noir"
"43668","Argentina",84,17,"Other","Michael Schachner","Chardonnay"
"43722","Spain",82,13,"Northern Spain","Michael Schachner","Rose"
"43744","US",89,30,"California","Michael Schachner","Pinot Noir"
"43747","Spain",89,30,"Central Spain","Michael Schachner","Syrah"
"43773","Spain",86,15,"Northern Spain","Michael Schachner","Chardonnay"
"43800","Argentina",82,12,"Mendoza Province","Michael Schachner","Chardonnay"
"43803","Spain",82,9,"Central Spain","Michael Schachner","Rose"
"43805","Argentina",87,12,"Mendoza Province","Michael Schachner","Chardonnay"
"43813","Argentina",85,12,"Mendoza Province","Michael Schachner","Chardonnay"
"43814","Argentina",85,19,"Mendoza Province","Michael Schachner","Chardonnay"
"43817","Spain",83,40,"Catalonia","Michael Schachner","Pinot Noir"
"43843","Spain",80,7,"Central Spain","Michael Schachner","Chardonnay"
"43851","Spain",90,21,"Central Spain","Michael Schachner","Syrah"
"43905","Argentina",92,60,"Other","Michael Schachner","Pinot Noir"
"43908","Argentina",87,13,"Mendoza Province","Michael Schachner","Chardonnay"
"43920","Argentina",88,33,"Mendoza Province","Michael Schachner","Chardonnay"
"43993","Argentina",89,20,"Mendoza Province","Michael Schachner","Chardonnay"
"43999","Argentina",84,10,"Mendoza Province","Michael Schachner","Chardonnay"
"44017","Spain",82,10,"Central Spain","Michael Schachner","Merlot"
"44031","Argentina",88,10,"Mendoza Province","Michael Schachner","Syrah"
"44050","Argentina",86,10,"Mendoza Province","Michael Schachner","Chardonnay"
"44088","Spain",81,13,"Northern Spain","Michael Schachner","Chardonnay"
"44089","Spain",81,15,"Northern Spain","Michael Schachner","Chardonnay"
"44090","Spain",80,17,"Northern Spain","Michael Schachner","Chardonnay"
"44122","Argentina",86,18,"Mendoza Province","Michael Schachner","Chardonnay"
"44130","Argentina",86,12,"Other","Michael Schachner","Merlot"
"44131","Argentina",86,12,"Other","Michael Schachner","Chardonnay"
"44167","Spain",86,9,"Northern Spain","Michael Schachner","Rose"
"44182","Spain",80,14,"Northern Spain","Michael Schachner","Rose"
"44192","Argentina",88,10,"Mendoza Province","Michael Schachner","Merlot"
"44200","Argentina",90,50,"Mendoza Province","Michael Schachner","Chardonnay"
"44214","Argentina",83,12,"Mendoza Province","Michael Schachner","Chardonnay"
"44216","Argentina",83,19,"Mendoza Province","Michael Schachner","Pinot Noir"
"44217","Argentina",83,15,"Mendoza Province","Michael Schachner","Chardonnay"
"44219","Argentina",83,13,"Mendoza Province","Michael Schachner","Pinot Noir"
"44220","Argentina",83,11,"Mendoza Province","Michael Schachner","Pinot Noir"
"44271","Argentina",90,33,"Mendoza Province","Michael Schachner","Chardonnay"
"44330","Argentina",87,15,"Other","Michael Schachner","Pinot Noir"
"44332","Argentina",87,18,"Mendoza Province","Michael Schachner","Chardonnay"
"44355","Argentina",84,11,"Mendoza Province","Michael Schachner","Chardonnay"
"44358","Argentina",84,10,"Mendoza Province","Michael Schachner","Pinot Noir"
"44362","Argentina",83,12,"Mendoza Province","Michael Schachner","Syrah"
"44388","Spain",88,24,"Northern Spain","Michael Schachner","Syrah"
"44396","Argentina",85,15,"Mendoza Province","Michael Schachner","Syrah"
"44444","Argentina",84,11,"Other","Michael Schachner","Syrah"
"44456","Spain",87,8,"Northern Spain","Michael Schachner","Rose"
"44472","Spain",93,110,"Northern Spain","Michael Schachner","Syrah"
"44476","Argentina",87,35,"Mendoza Province","Michael Schachner","Chardonnay"
"44493","Spain",86,10,"Northern Spain","Michael Schachner","Chardonnay"
"44508","Spain",87,9,"Northern Spain","Michael Schachner","Chardonnay"
"44509","Spain",87,12,"Northern Spain","Michael Schachner","Rose"
"44525","US",86,35,"Oregon","Michael Schachner","Pinot Noir"
"44577","Argentina",84,17,"Mendoza Province","Michael Schachner","Rose"
"44654","Spain",87,14,"Northern Spain","Michael Schachner","Chardonnay"
"44668","Argentina",83,11,"Mendoza Province","Michael Schachner","Chardonnay"
"44678","Spain",83,9,"Northern Spain","Michael Schachner","Rose"
"44691","Argentina",85,21,"Mendoza Province","Michael Schachner","Pinot Noir"
"44708","Argentina",85,10,"Mendoza Province","Michael Schachner","Chardonnay"
"44750","Argentina",86,16,"Other","Michael Schachner","Chardonnay"
"44768","Argentina",84,13,"Mendoza Province","Michael Schachner","Chardonnay"
"44770","Argentina",84,20,"Other","Michael Schachner","Merlot"
"44876","Spain",87,9,"Northern Spain","Michael Schachner","Rose"
"44880","Argentina",87,14,"Mendoza Province","Michael Schachner","Syrah"
"44885","Argentina",86,10,"Mendoza Province","Michael Schachner","Merlot"
"44887","Argentina",86,14,"Mendoza Province","Michael Schachner","Merlot"
"44906","Spain",85,7,"Central Spain","Michael Schachner","Rose"
"44907","Argentina",85,30,"Mendoza Province","Michael Schachner","Chardonnay"
"44932","Spain",87,14,"Northern Spain","Michael Schachner","Chardonnay"
"44970","Spain",86,12,"Northern Spain","Michael Schachner","Chardonnay"
"44974","Argentina",88,17,"Other","Michael Schachner","Pinot Noir"
"44989","Argentina",83,14,"Other","Michael Schachner","Pinot Noir"
"44995","Argentina",82,11,"Mendoza Province","Michael Schachner","Chardonnay"
"45048","Argentina",88,18,"Mendoza Province","Michael Schachner","Merlot"
"45051","Spain",86,15,"Northern Spain","Michael Schachner","Chardonnay"
"45056","Argentina",84,10,"Mendoza Province","Michael Schachner","Chardonnay"
"45058","Argentina",83,13,"Mendoza Province","Michael Schachner","Chardonnay"
"45062","Spain",83,8,"Northern Spain","Michael Schachner","Rose"
"45101","Argentina",88,46,"Mendoza Province","Michael Schachner","Chardonnay"
"45111","Argentina",83,18,"Mendoza Province","Michael Schachner","Syrah"
"45113","Argentina",83,16,"Other","Michael Schachner","Syrah"
"45157","Spain",86,25,"Northern Spain","Michael Schachner","Chardonnay"
"45169","Argentina",81,11,"Mendoza Province","Michael Schachner","Chardonnay"
"45173","Argentina",83,11,"Mendoza Province","Michael Schachner","Chardonnay"
"45198","Argentina",89,12,"Mendoza Province","Michael Schachner","Syrah"
"45224","Argentina",87,21,"Mendoza Province","Michael Schachner","Chardonnay"
"45238","Argentina",86,18,"Mendoza Province","Michael Schachner","Chardonnay"
"45253","Spain",86,10,"Northern Spain","Michael Schachner","Rose"
"45284","Argentina",84,10,"Other","Michael Schachner","Chardonnay"
"45285","Argentina",84,6,"Mendoza Province","Michael Schachner","Chardonnay"
"45318","Argentina",87,14,"Mendoza Province","Michael Schachner","Chardonnay"
"45330","Argentina",86,15,"Mendoza Province","Michael Schachner","Chardonnay"
"45331","Argentina",85,13,"Mendoza Province","Michael Schachner","Rose"
"45332","Argentina",85,29,"Mendoza Province","Michael Schachner","Chardonnay"
"45338","Spain",85,15,"Northern Spain","Michael Schachner","Rose"
"45417","Spain",85,11,"Levante","Michael Schachner","Rose"
"45418","Spain",85,13,"Northern Spain","Michael Schachner","Chardonnay"
"45436","US",87,38,"Oregon","Michael Schachner","Pinot Noir"
"45437","US",87,30,"Oregon","Michael Schachner","Pinot Noir"
"45438","US",87,25,"Oregon","Michael Schachner","Pinot Noir"
"45440","US",86,36,"Oregon","Michael Schachner","Pinot Noir"
"45441","US",86,15,"Oregon","Michael Schachner","Pinot Noir"
"45442","US",86,40,"Oregon","Michael Schachner","Pinot Noir"
"45474","Spain",84,NA,"Catalonia","Michael Schachner","Rose"
"45484","Argentina",89,50,"Mendoza Province","Michael Schachner","Syrah"
"45520","Argentina",86,13,"Other","Michael Schachner","Syrah"
"45539","Argentina",82,11,"Mendoza Province","Michael Schachner","Merlot"
"45544","Argentina",81,11,"Mendoza Province","Michael Schachner","Chardonnay"
"45548","Argentina",80,8,"Mendoza Province","Michael Schachner","Merlot"
"45555","Argentina",86,13,"Mendoza Province","Michael Schachner","Chardonnay"
"45587","Spain",87,18,"Catalonia","Michael Schachner","Pinot Noir"
"45588","Spain",89,29,"Northern Spain","Michael Schachner","Syrah"
"45609","Spain",87,24,"Catalonia","Michael Schachner","Syrah"
"45655","Spain",84,NA,"Northern Spain","Michael Schachner","Chardonnay"
"45659","Spain",83,24,"Northern Spain","Michael Schachner","Rose"
"45664","Argentina",88,14,"Mendoza Province","Michael Schachner","Pinot Noir"
"45665","Argentina",88,30,"Other","Michael Schachner","Pinot Noir"
"45672","Spain",87,8,"Northern Spain","Michael Schachner","Rose"
"45720","Argentina",83,20,"Mendoza Province","Michael Schachner","Chardonnay"
"45722","Argentina",83,50,"Mendoza Province","Michael Schachner","Chardonnay"
"45775","Spain",85,13,"Northern Spain","Michael Schachner","Chardonnay"
"45784","Argentina",89,27,"Mendoza Province","Michael Schachner","Merlot"
"45792","Argentina",86,17,"Other","Michael Schachner","Chardonnay"
"45808","Argentina",85,15,"Other","Michael Schachner","Pinot Noir"
"45815","Argentina",87,20,"Mendoza Province","Michael Schachner","Chardonnay"
"45834","Spain",94,30,"Northern Spain","Michael Schachner","Syrah"
"45842","Argentina",89,45,"Mendoza Province","Michael Schachner","Chardonnay"
"45858","Argentina",88,12,"Mendoza Province","Michael Schachner","Pinot Noir"
"45904","Argentina",83,13,"Mendoza Province","Michael Schachner","Pinot Noir"
"45907","Argentina",83,12,"Mendoza Province","Michael Schachner","Chardonnay"
"45911","Argentina",85,14,"Mendoza Province","Michael Schachner","Chardonnay"
"45962","Spain",85,6,"Levante","Michael Schachner","Rose"
"45966","Argentina",84,15,"Mendoza Province","Michael Schachner","Chardonnay"
"45972","Argentina",85,15,"Mendoza Province","Michael Schachner","Syrah"
"45979","Spain",86,18,"Northern Spain","Michael Schachner","Merlot"
"46032","Argentina",85,17,"Mendoza Province","Michael Schachner","Pinot Noir"
"46039","Spain",87,18,"Levante","Michael Schachner","Syrah"
"46068","Argentina",89,95,"Mendoza Province","Michael Schachner","Merlot"
"46095","Argentina",87,18,"Other","Michael Schachner","Syrah"
"46100","Argentina",88,30,"Mendoza Province","Michael Schachner","Pinot Noir"
"46104","Argentina",88,30,"Mendoza Province","Michael Schachner","Chardonnay"
"46113","Spain",92,40,"Central Spain","Michael Schachner","Syrah"
"46130","Argentina",86,17,"Mendoza Province","Michael Schachner","Merlot"
"46139","Spain",83,10,"Northern Spain","Michael Schachner","Rose"
"46154","Spain",87,12,"Northern Spain","Michael Schachner","Chardonnay"
"46161","Argentina",86,17,"Other","Michael Schachner","Chardonnay"
"46175","Spain",84,10,"Central Spain","Michael Schachner","Chardonnay"
"46202","Argentina",83,12,"Mendoza Province","Michael Schachner","Merlot"
"46213","Argentina",82,13,"Mendoza Province","Michael Schachner","Rose"
"46215","Argentina",82,12,"Mendoza Province","Michael Schachner","Rose"
"46250","Argentina",84,8,"Mendoza Province","Michael Schachner","Chardonnay"
"46265","Argentina",84,19,"Mendoza Province","Michael Schachner","Chardonnay"
"46267","Argentina",83,17,"Other","Michael Schachner","Chardonnay"
"46279","Spain",86,14,"Northern Spain","Michael Schachner","Chardonnay"
"46292","Spain",87,15,"Northern Spain","Michael Schachner","Chardonnay"
"46293","Spain",87,9,"Northern Spain","Michael Schachner","Rose"
"46296","Spain",87,14,"Catalonia","Michael Schachner","Chardonnay"
"46301","US",82,15,"California","Michael Schachner","Pinot Noir"
"46302","US",93,39,"Oregon","Michael Schachner","Pinot Noir"
"46307","Argentina",85,6,"Mendoza Province","Michael Schachner","Chardonnay"
"46309","Argentina",85,13,"Mendoza Province","Michael Schachner","Syrah"
"46310","Argentina",85,16,"Mendoza Province","Michael Schachner","Pinot Noir"
"46319","Argentina",87,14,"Mendoza Province","Michael Schachner","Chardonnay"
"46330","Argentina",87,18,"Mendoza Province","Michael Schachner","Chardonnay"
"46343","Argentina",91,35,"Mendoza Province","Michael Schachner","Chardonnay"
"46355","Spain",85,13,"Northern Spain","Michael Schachner","Chardonnay"
"46359","Argentina",85,8,"Mendoza Province","Michael Schachner","Rose"
"46362","Spain",84,9,"Northern Spain","Michael Schachner","Rose"
"46374","Argentina",87,18,"Mendoza Province","Michael Schachner","Merlot"
"46410","Argentina",84,13,"Mendoza Province","Michael Schachner","Pinot Noir"
"46416","Argentina",84,20,"Mendoza Province","Michael Schachner","Merlot"
"46425","Argentina",85,11,"Mendoza Province","Michael Schachner","Chardonnay"
"46427","Argentina",85,15,"Mendoza Province","Michael Schachner","Rose"
"46433","Argentina",83,20,"Mendoza Province","Michael Schachner","Pinot Noir"
"46434","Argentina",83,18,"Mendoza Province","Michael Schachner","Pinot Noir"
"46439","Spain",87,15,"Northern Spain","Michael Schachner","Rose"
"46479","Argentina",82,12,"Mendoza Province","Michael Schachner","Chardonnay"
"46482","Argentina",81,18,"Mendoza Province","Michael Schachner","Chardonnay"
"46527","Argentina",83,12,"Other","Michael Schachner","Chardonnay"
"46540","Argentina",85,15,"Mendoza Province","Michael Schachner","Chardonnay"
"46551","Spain",85,16,"Catalonia","Michael Schachner","Rose"
"46579","Spain",87,13,"Northern Spain","Michael Schachner","Rose"
"46596","Argentina",86,12,"Other","Michael Schachner","Merlot"
"46597","Argentina",86,12,"Other","Michael Schachner","Chardonnay"
"46620","Argentina",87,19,"Mendoza Province","Michael Schachner","Pinot Noir"
"46629","Argentina",89,32,"Mendoza Province","Michael Schachner","Pinot Noir"
"46633","Argentina",83,13,"Mendoza Province","Michael Schachner","Chardonnay"
"46635","Argentina",83,11,"Mendoza Province","Michael Schachner","Chardonnay"
"46664","Argentina",85,19,"Mendoza Province","Michael Schachner","Chardonnay"
"46671","Spain",86,12,"Northern Spain","Michael Schachner","Rose"
"46678","Argentina",87,13,"Mendoza Province","Michael Schachner","Chardonnay"
"46680","Argentina",80,15,"Mendoza Province","Michael Schachner","Syrah"
"46686","Argentina",84,9,"Mendoza Province","Michael Schachner","Chardonnay"
"46698","Spain",88,11,"Northern Spain","Michael Schachner","Chardonnay"
"46707","Spain",87,9,"Northern Spain","Michael Schachner","Rose"
"46732","Spain",86,12,"Northern Spain","Michael Schachner","Rose"
"46758","Spain",82,29,"Northern Spain","Michael Schachner","Merlot"
"46759","Spain",82,12,"Northern Spain","Michael Schachner","Merlot"
"46817","Argentina",83,19,"Mendoza Province","Michael Schachner","Merlot"
"46849","Spain",84,10,"Catalonia","Michael Schachner","Rose"
"46851","Spain",83,7,"Central Spain","Michael Schachner","Rose"
"46854","Spain",83,22,"Northern Spain","Michael Schachner","Rose"
"46922","Argentina",88,12,"Mendoza Province","Michael Schachner","Syrah"
"46942","Argentina",90,30,"Other","Michael Schachner","Pinot Noir"
"46945","Spain",89,18,"Northern Spain","Michael Schachner","Merlot"
"46983","Spain",85,12,"Northern Spain","Michael Schachner","Chardonnay"
"46985","Argentina",85,14,"Other","Michael Schachner","Pinot Noir"
"47007","Spain",88,14,"Northern Spain","Michael Schachner","Rose"
"47022","Argentina",89,30,"Mendoza Province","Michael Schachner","Pinot Noir"
"47069","Spain",86,12,"Northern Spain","Michael Schachner","Rose"
"47078","Argentina",87,22,"Mendoza Province","Michael Schachner","Rose"
"47112","Spain",88,16,"Catalonia","Michael Schachner","Pinot Noir"
"47116","Argentina",81,19,"Mendoza Province","Michael Schachner","Merlot"
"47206","Argentina",88,18,"Mendoza Province","Michael Schachner","Chardonnay"
"47209","Argentina",88,35,"Mendoza Province","Michael Schachner","Chardonnay"
"47215","Argentina",86,11,"Mendoza Province","Michael Schachner","Chardonnay"
"47234","Argentina",86,15,"Mendoza Province","Michael Schachner","Chardonnay"
"47237","Argentina",85,20,"Mendoza Province","Michael Schachner","Chardonnay"
"47240","Argentina",85,14,"Other","Michael Schachner","Pinot Noir"
"47242","Argentina",84,15,"Mendoza Province","Michael Schachner","Pinot Noir"
"47266","Spain",81,9,"Northern Spain","Michael Schachner","Syrah"
"47280","Argentina",87,15,"Mendoza Province","Michael Schachner","Chardonnay"
"47348","Argentina",89,25,"Other","Michael Schachner","Syrah"
"47363","Spain",86,NA,"Northern Spain","Michael Schachner","Rose"
"47364","Argentina",86,14,"Mendoza Province","Michael Schachner","Chardonnay"
"47371","Argentina",90,150,"Other","Michael Schachner","Pinot Noir"
"47388","Spain",81,12,"Northern Spain","Michael Schachner","Chardonnay"
"47456","Argentina",89,80,"Mendoza Province","Michael Schachner","Syrah"
"47463","US",90,15,"Oregon","Michael Schachner","Pinot Noir"
"47464","US",90,48,"Oregon","Michael Schachner","Pinot Noir"
"47465","US",90,35,"Oregon","Michael Schachner","Pinot Noir"
"47466","US",90,45,"Oregon","Michael Schachner","Pinot Noir"
"47467","US",89,35,"Oregon","Michael Schachner","Pinot Noir"
"47468","US",89,28,"Oregon","Michael Schachner","Pinot Noir"
"47517","Argentina",85,12,"Mendoza Province","Michael Schachner","Merlot"
"47518","Argentina",85,14,"Other","Michael Schachner","Pinot Noir"
"47553","Argentina",85,NA,"Mendoza Province","Michael Schachner","Chardonnay"
"47560","Spain",82,15,"Northern Spain","Michael Schachner","Chardonnay"
"47565","Spain",80,15,"Northern Spain","Michael Schachner","Chardonnay"
"47611","Argentina",85,17,"Mendoza Province","Michael Schachner","Pinot Noir"
"47623","Spain",83,12,"Northern Spain","Michael Schachner","Rose"
"47705","Spain",85,15,"Levante","Michael Schachner","Rose"
"47726","Argentina",85,18,"Other","Michael Schachner","Pinot Noir"
"47729","Spain",86,12,"Northern Spain","Michael Schachner","Rose"
"47766","Argentina",86,20,"Mendoza Province","Michael Schachner","Merlot"
"47772","Argentina",90,NA,"Other","Michael Schachner","Pinot Noir"
"47789","Argentina",89,18,"Mendoza Province","Michael Schachner","Chardonnay"
"47810","Spain",87,15,"Levante","Michael Schachner","Syrah"
"47827","Spain",83,13,"Northern Spain","Michael Schachner","Chardonnay"
"47850","Argentina",87,25,"Mendoza Province","Michael Schachner","Chardonnay"
"47930","Argentina",89,20,"Mendoza Province","Michael Schachner","Chardonnay"
"47948","Spain",89,9,"Northern Spain","Michael Schachner","Rose"
"47976","Argentina",84,15,"Mendoza Province","Michael Schachner","Pinot Noir"
"47977","Argentina",84,10,"Mendoza Province","Michael Schachner","Chardonnay"
"47979","Argentina",82,13,"Mendoza Province","Michael Schachner","Chardonnay"
"48018","Spain",83,13,"Northern Spain","Michael Schachner","Rose"
"48019","Spain",83,25,"Northern Spain","Michael Schachner","Rose"
"48042","Argentina",81,9,"Mendoza Province","Michael Schachner","Chardonnay"
"48044","Spain",80,8,"Northern Spain","Michael Schachner","Chardonnay"
"48045","Argentina",80,16,"Mendoza Province","Michael Schachner","Chardonnay"
"48051","Argentina",80,15,"Mendoza Province","Michael Schachner","Pinot Noir"
"48068","Argentina",85,10,"Other","Michael Schachner","Pinot Noir"
"48082","Argentina",85,18,"Mendoza Province","Michael Schachner","Merlot"
"48114","Argentina",87,18,"Mendoza Province","Michael Schachner","Pinot Noir"
"48128","Argentina",83,13,"Other","Michael Schachner","Rose"
"48130","Argentina",83,13,"Other","Michael Schachner","Pinot Noir"
"48131","Argentina",83,12,"Mendoza Province","Michael Schachner","Chardonnay"
"48132","Argentina",82,8,"Mendoza Province","Michael Schachner","Chardonnay"
"48134","Argentina",82,12,"Other","Michael Schachner","Pinot Noir"
"48144","Argentina",82,13,"Mendoza Province","Michael Schachner","Pinot Noir"
"48146","Argentina",81,17,"Other","Michael Schachner","Pinot Noir"
"48153","Argentina",83,12,"Mendoza Province","Michael Schachner","Chardonnay"
"48159","Argentina",85,NA,"Mendoza Province","Michael Schachner","Chardonnay"
"48162","Argentina",85,15,"Mendoza Province","Michael Schachner","Chardonnay"
"48183","France",82,10,"Languedoc-Roussillon","Michael Schachner","Merlot"
"48184","France",82,7,"Languedoc-Roussillon","Michael Schachner","Merlot"
"48186","France",82,8,"Languedoc-Roussillon","Michael Schachner","Syrah"
"48187","France",82,23,"Rhône Valley","Michael Schachner","Syrah"
"48188","France",82,8,"Languedoc-Roussillon","Michael Schachner","Chardonnay"
"48189","France",82,13,"Provence","Michael Schachner","Rose"
"48191","France",81,14,"Languedoc-Roussillon","Michael Schachner","Chardonnay"
"48192","France",81,10,"Provence","Michael Schachner","Rose"
"48216","Spain",84,6,"Levante","Michael Schachner","Rose"
"48242","Spain",80,15,"Northern Spain","Michael Schachner","Rose"
"48251","Argentina",86,15,"Mendoza Province","Michael Schachner","Chardonnay"
"48304","Argentina",84,15,"Mendoza Province","Michael Schachner","Chardonnay"
"48320","Spain",90,23,"Levante","Michael Schachner","Syrah"
"48346","Argentina",84,15,"Mendoza Province","Michael Schachner","Chardonnay"
"48348","Spain",80,10,"Northern Spain","Michael Schachner","Rose"
"48374","Spain",83,8,"Northern Spain","Michael Schachner","Chardonnay"
"48378","Spain",85,12,"Northern Spain","Michael Schachner","Rose"
"48379","Spain",85,7,"Central Spain","Michael Schachner","Rose"
"48380","Spain",85,11,"Levante","Michael Schachner","Rose"
"48411","Argentina",85,11,"Mendoza Province","Michael Schachner","Merlot"
"48437","Spain",85,20,"Catalonia","Michael Schachner","Pinot Noir"
"48438","Spain",85,20,"Northern Spain","Michael Schachner","Syrah"
"48463","Spain",85,10,"Northern Spain","Michael Schachner","Rose"
"48493","Spain",88,22,"Central Spain","Michael Schachner","Syrah"
"48595","Argentina",84,10,"Mendoza Province","Michael Schachner","Chardonnay"
"48624","Argentina",87,14,"Mendoza Province","Michael Schachner","Syrah"
"48626","Argentina",87,17,"Other","Michael Schachner","Chardonnay"
"48634","Spain",92,50,"Catalonia","Michael Schachner","Syrah"
"48644","Argentina",83,10,"Mendoza Province","Michael Schachner","Chardonnay"
"48647","Argentina",83,13,"Mendoza Province","Michael Schachner","Rose"
"48652","Argentina",85,20,"Other","Michael Schachner","Pinot Noir"
"48678","Spain",84,12,"Northern Spain","Michael Schachner","Merlot"
"48714","Argentina",86,17,"Other","Michael Schachner","Chardonnay"
"48727","Spain",87,12,"Northern Spain","Michael Schachner","Rose"
"48731","Argentina",87,18,"Mendoza Province","Michael Schachner","Syrah"
"48741","Spain",83,10,"Northern Spain","Michael Schachner","Rose"
"48744","Spain",82,18,"Northern Spain","Michael Schachner","Rose"
"48747","Spain",82,13,"Northern Spain","Michael Schachner","Rose"
"48759","Argentina",84,18,"Mendoza Province","Michael Schachner","Merlot"
"48760","Argentina",84,11,"Mendoza Province","Michael Schachner","Chardonnay"
"48764","Argentina",88,11,"Mendoza Province","Michael Schachner","Syrah"
"48797","Argentina",87,22,"Mendoza Province","Michael Schachner","Pinot Noir"
"48817","Argentina",84,11,"Mendoza Province","Michael Schachner","Merlot"
"48827","Argentina",85,32,"Mendoza Province","Michael Schachner","Chardonnay"
"48837","Argentina",88,26,"Mendoza Province","Michael Schachner","Chardonnay"
"48852","Argentina",89,30,"Mendoza Province","Michael Schachner","Pinot Noir"
"48872","Spain",88,10,"Northern Spain","Michael Schachner","Rose"
"48900","Argentina",86,13,"Mendoza Province","Michael Schachner","Chardonnay"
"48936","Argentina",86,14,"Mendoza Province","Michael Schachner","Chardonnay"
"48950","Argentina",86,13,"Mendoza Province","Michael Schachner","Merlot"
"48951","Argentina",86,20,"Mendoza Province","Michael Schachner","Syrah"
"48954","Argentina",86,15,"Other","Michael Schachner","Pinot Noir"
"48956","Argentina",90,27,"Mendoza Province","Michael Schachner","Pinot Noir"
"48961","Argentina",84,15,"Mendoza Province","Michael Schachner","Rose"
"48966","Argentina",87,11,"Mendoza Province","Michael Schachner","Pinot Noir"
"48969","Spain",87,8,"Northern Spain","Michael Schachner","Rose"
"48973","Argentina",85,12,"Mendoza Province","Michael Schachner","Merlot"
"48977","Argentina",88,17,"Mendoza Province","Michael Schachner","Chardonnay"
"48980","Spain",89,25,"Catalonia","Michael Schachner","Chardonnay"
"48995","Argentina",86,12,"Mendoza Province","Michael Schachner","Chardonnay"
"49049","Argentina",80,8,"Mendoza Province","Michael Schachner","Chardonnay"
"49052","Argentina",80,11,"Mendoza Province","Michael Schachner","Chardonnay"
"49053","Argentina",80,11,"Mendoza Province","Michael Schachner","Chardonnay"
"49058","Argentina",87,10,"Mendoza Province","Michael Schachner","Syrah"
"49075","Spain",87,14,"Northern Spain","Michael Schachner","Rose"
"49084","Argentina",80,9,"Mendoza Province","Michael Schachner","Chardonnay"
"49085","Argentina",80,16,"Mendoza Province","Michael Schachner","Merlot"
"49089","Spain",87,15,"Northern Spain","Michael Schachner","Rose"
"49095","Spain",87,15,"Catalonia","Michael Schachner","Chardonnay"
"49116","Spain",85,11,"Levante","Michael Schachner","Rose"
"49170","Argentina",83,14,"Mendoza Province","Michael Schachner","Chardonnay"
"49180","Spain",82,15,"Northern Spain","Michael Schachner","Chardonnay"
"49190","Argentina",88,25,"Mendoza Province","Michael Schachner","Syrah"
"49193","Argentina",88,20,"Mendoza Province","Michael Schachner","Syrah"
"49195","Argentina",87,19,"Mendoza Province","Michael Schachner","Chardonnay"
"49205","Argentina",82,14,"Mendoza Province","Michael Schachner","Chardonnay"
"49230","Spain",86,30,"Central Spain","Michael Schachner","Rose"
"49252","Spain",85,15,"Northern Spain","Michael Schachner","Rose"
"49258","Argentina",84,10,"Mendoza Province","Michael Schachner","Chardonnay"
"49262","Argentina",84,13,"Mendoza Province","Michael Schachner","Chardonnay"
"49281","Argentina",85,20,"Other","Michael Schachner","Pinot Noir"
"49285","Argentina",85,NA,"Mendoza Province","Michael Schachner","Pinot Noir"
"49286","Argentina",85,10,"Mendoza Province","Michael Schachner","Rose"
"49289","Spain",88,20,"Catalonia","Michael Schachner","Pinot Noir"
"49304","Argentina",86,18,"Mendoza Province","Michael Schachner","Pinot Noir"
"49312","Argentina",89,20,"Other","Michael Schachner","Pinot Noir"
"49325","Argentina",81,16,"Mendoza Province","Michael Schachner","Chardonnay"
"49351","Argentina",86,15,"Mendoza Province","Michael Schachner","Pinot Noir"
"49352","Argentina",84,12,"Mendoza Province","Michael Schachner","Chardonnay"
"49359","Argentina",83,13,"Mendoza Province","Michael Schachner","Chardonnay"
"49363","Argentina",86,11,"Mendoza Province","Michael Schachner","Chardonnay"
"49416","Argentina",87,19,"Mendoza Province","Michael Schachner","Chardonnay"
"49476","Spain",83,10,"Northern Spain","Michael Schachner","Rose"
"49498","Argentina",80,10,"Mendoza Province","Michael Schachner","Chardonnay"
"49515","Argentina",84,13,"Mendoza Province","Michael Schachner","Rose"
"49532","Spain",89,16,"Catalonia","Michael Schachner","Pinot Noir"
"49563","Argentina",85,11,"Mendoza Province","Michael Schachner","Chardonnay"
"49582","Argentina",88,15,"Mendoza Province","Michael Schachner","Pinot Noir"
"49601","Argentina",87,20,"Other","Michael Schachner","Pinot Noir"
"49612","Argentina",92,115,"Mendoza Province","Michael Schachner","Chardonnay"
"49630","US",82,18,"Oregon","Michael Schachner","Pinot Noir"
"49631","US",82,17,"Oregon","Michael Schachner","Pinot Noir"
"49632","US",82,16,"Oregon","Michael Schachner","Pinot Noir"
"49633","US",80,14,"Oregon","Michael Schachner","Pinot Noir"
"49639","Argentina",85,11,"Mendoza Province","Michael Schachner","Chardonnay"
"49647","Argentina",91,45,"Mendoza Province","Michael Schachner","Syrah"
"49671","Argentina",88,12,"Mendoza Province","Michael Schachner","Syrah"
"49716","Argentina",83,10,"Mendoza Province","Michael Schachner","Chardonnay"
"49720","Argentina",83,12,"Mendoza Province","Michael Schachner","Chardonnay"
"49727","Argentina",87,13,"Other","Michael Schachner","Syrah"
"49748","Argentina",87,12,"Mendoza Province","Michael Schachner","Rose"
"49758","Argentina",85,12,"Mendoza Province","Michael Schachner","Merlot"
"49760","Argentina",85,15,"Other","Michael Schachner","Merlot"
"49872","Argentina",83,15,"Mendoza Province","Michael Schachner","Chardonnay"
"49892","Spain",89,30,"Northern Spain","Michael Schachner","Syrah"
"49904","Spain",85,20,"Northern Spain","Michael Schachner","Rose"
"49905","Spain",85,10,"Northern Spain","Michael Schachner","Rose"
"49908","Spain",84,15,"Northern Spain","Michael Schachner","Chardonnay"
"49924","Argentina",88,22,"Other","Michael Schachner","Pinot Noir"
"49933","Argentina",94,120,"Mendoza Province","Michael Schachner","Merlot"
"49939","Argentina",86,17,"Other","Michael Schachner","Chardonnay"
"49951","Argentina",86,12,"Mendoza Province","Michael Schachner","Chardonnay"
"49954","Argentina",86,13,"Mendoza Province","Michael Schachner","Chardonnay"
"49956","Argentina",86,11,"Mendoza Province","Michael Schachner","Syrah"
"49981","Argentina",93,125,"Other","Michael Schachner","Pinot Noir"
"49997","Argentina",86,16,"Mendoza Province","Michael Schachner","Chardonnay"
"50006","Argentina",88,12,"Mendoza Province","Michael Schachner","Syrah"
"50012","Argentina",86,20,"Mendoza Province","Michael Schachner","Chardonnay"
"50023","Argentina",82,12,"Mendoza Province","Michael Schachner","Syrah"
"50025","Argentina",84,17,"Other","Michael Schachner","Pinot Noir"
"50026","Argentina",84,15,"Mendoza Province","Michael Schachner","Chardonnay"
"50027","Argentina",84,21,"Mendoza Province","Michael Schachner","Chardonnay"
"50030","Argentina",84,17,"Other","Michael Schachner","Chardonnay"
"50044","Spain",87,65,"Catalonia","Michael Schachner","Chardonnay"
"50061","Spain",83,9,"Northern Spain","Michael Schachner","Rose"
"50066","Spain",83,25,"Northern Spain","Michael Schachner","Rose"
"50094","Argentina",85,18,"Mendoza Province","Michael Schachner","Chardonnay"
"50106","Argentina",87,45,"Mendoza Province","Michael Schachner","Chardonnay"
"50142","Spain",80,15,"Northern Spain","Michael Schachner","Rose"
"50151","Argentina",80,8,"Mendoza Province","Michael Schachner","Syrah"
"50155","Argentina",81,13,"Mendoza Province","Michael Schachner","Rose"
"50159","Argentina",80,17,"Mendoza Province","Michael Schachner","Rose"
"50163","Argentina",88,19,"Mendoza Province","Michael Schachner","Chardonnay"
"50165","Spain",80,10,"Northern Spain","Michael Schachner","Rose"
"50173","Spain",85,11,"Northern Spain","Michael Schachner","Rose"
"50263","Spain",91,40,"Northern Spain","Michael Schachner","Merlot"
"50311","Argentina",83,15,"Mendoza Province","Michael Schachner","Pinot Noir"
"50351","Argentina",85,20,"Other","Michael Schachner","Pinot Noir"
"50360","Spain",83,10,"Central Spain","Michael Schachner","Rose"
"50417","Argentina",85,9,"Mendoza Province","Michael Schachner","Chardonnay"
"50444","Argentina",86,10,"Mendoza Province","Michael Schachner","Chardonnay"
"50447","Argentina",86,12,"Mendoza Province","Michael Schachner","Rose"
"50479","Argentina",81,19,"Mendoza Province","Michael Schachner","Pinot Noir"
"50480","Argentina",81,11,"Mendoza Province","Michael Schachner","Chardonnay"
"50482","Argentina",81,13,"Mendoza Province","Michael Schachner","Chardonnay"
"50505","Argentina",86,10,"Mendoza Province","Michael Schachner","Merlot"
"50507","Argentina",86,NA,"Mendoza Province","Michael Schachner","Rose"
"50508","Argentina",85,10,"Mendoza Province","Michael Schachner","Chardonnay"
"50509","Argentina",85,9,"Mendoza Province","Michael Schachner","Chardonnay"
"50546","Argentina",86,18,"Mendoza Province","Michael Schachner","Chardonnay"
"50553","Argentina",84,25,"Mendoza Province","Michael Schachner","Chardonnay"
"50560","Spain",86,15,"Northern Spain","Michael Schachner","Chardonnay"
"50602","Spain",85,13,"Northern Spain","Michael Schachner","Rose"
"50605","Argentina",83,30,"Other","Michael Schachner","Pinot Noir"
"50609","Argentina",83,20,"Mendoza Province","Michael Schachner","Chardonnay"
"50611","Argentina",82,19,"Mendoza Province","Michael Schachner","Chardonnay"
"50619","Argentina",82,10,"Mendoza Province","Michael Schachner","Chardonnay"
"50623","Argentina",87,25,"Mendoza Province","Michael Schachner","Syrah"
"50699","Argentina",86,8,"Other","Michael Schachner","Chardonnay"
"50844","Argentina",86,25,"Mendoza Province","Michael Schachner","Chardonnay"
"50846","Spain",86,15,"Catalonia","Michael Schachner","Rose"
"50856","Argentina",93,100,"Other","Michael Schachner","Pinot Noir"
"50874","Spain",88,NA,"Northern Spain","Michael Schachner","Chardonnay"
"50892","Spain",84,15,"Northern Spain","Michael Schachner","Chardonnay"
"50922","Argentina",84,18,"Mendoza Province","Michael Schachner","Chardonnay"
"50929","Argentina",90,25,"Mendoza Province","Michael Schachner","Syrah"
"50962","Argentina",86,19,"Other","Michael Schachner","Chardonnay"
"50963","Argentina",86,10,"Mendoza Province","Michael Schachner","Syrah"
"50978","Argentina",87,12,"Mendoza Province","Michael Schachner","Chardonnay"
"51001","Argentina",83,12,"Mendoza Province","Michael Schachner","Chardonnay"
"51026","Spain",81,14,"Northern Spain","Michael Schachner","Chardonnay"
"51037","Argentina",82,30,"Mendoza Province","Michael Schachner","Chardonnay"
"51061","Argentina",82,30,"Other","Michael Schachner","Pinot Noir"
"51069","Argentina",82,15,"Mendoza Province","Michael Schachner","Chardonnay"
"51070","Spain",82,9,"Northern Spain","Michael Schachner","Rose"
"51073","Spain",82,19,"Catalonia","Michael Schachner","Rose"
"51077","Argentina",82,19,"Mendoza Province","Michael Schachner","Chardonnay"
"51082","Argentina",81,11,"Mendoza Province","Michael Schachner","Chardonnay"
"51140","Spain",85,15,"Northern Spain","Michael Schachner","Chardonnay"
"51160","Argentina",86,17,"Mendoza Province","Michael Schachner","Chardonnay"
"51167","Argentina",81,8,"Mendoza Province","Michael Schachner","Chardonnay"
"51171","Argentina",80,15,"Mendoza Province","Michael Schachner","Syrah"
"51276","Argentina",80,12,"Other","Michael Schachner","Rose"
"51288","Argentina",87,15,"Mendoza Province","Michael Schachner","Chardonnay"
"51292","Spain",83,15,"Northern Spain","Michael Schachner","Chardonnay"
"51293","Spain",83,9,"Northern Spain","Michael Schachner","Rose"
"51296","Spain",83,21,"Northern Spain","Michael Schachner","Rose"
"51306","Spain",84,13,"Levante","Michael Schachner","Rose"
"51326","Argentina",86,17,"Other","Michael Schachner","Pinot Noir"
"51327","Argentina",86,12,"Mendoza Province","Michael Schachner","Rose"
"51362","Spain",87,10,"Northern Spain","Michael Schachner","Rose"
"51411","Argentina",85,17,"Mendoza Province","Michael Schachner","Chardonnay"
"51439","Spain",84,8,"Northern Spain","Michael Schachner","Rose"
"51450","Argentina",84,18,"Mendoza Province","Michael Schachner","Merlot"
"51452","Argentina",84,11,"Mendoza Province","Michael Schachner","Chardonnay"
"51466","Spain",90,55,"Catalonia","Michael Schachner","Syrah"
"51470","Spain",86,15,"Northern Spain","Michael Schachner","Chardonnay"
"51497","Argentina",83,11,"Mendoza Province","Michael Schachner","Merlot"
"51499","Argentina",82,10,"Mendoza Province","Michael Schachner","Merlot"
"51508","Spain",82,79,"Northern Spain","Michael Schachner","Chardonnay"
"51509","Spain",82,18,"Northern Spain","Michael Schachner","Rose"
"51510","Spain",82,20,"Northern Spain","Michael Schachner","Chardonnay"
"51511","Spain",81,22,"Northern Spain","Michael Schachner","Rose"
"51602","Spain",85,9,"Northern Spain","Michael Schachner","Rose"
"51666","Argentina",80,10,"Other","Michael Schachner","Syrah"
"51670","Spain",80,10,"Central Spain","Michael Schachner","Rose"
"51672","Spain",82,10,"Northern Spain","Michael Schachner","Merlot"
"51696","Argentina",88,32,"Mendoza Province","Michael Schachner","Chardonnay"
"51712","Argentina",86,20,"Mendoza Province","Michael Schachner","Merlot"
"51726","Argentina",80,22,"Mendoza Province","Michael Schachner","Chardonnay"
"51738","Argentina",80,16,"Mendoza Province","Michael Schachner","Rose"
"51759","Spain",85,10,"Central Spain","Michael Schachner","Syrah"
"51763","Argentina",85,13,"Mendoza Province","Michael Schachner","Chardonnay"
"51804","Argentina",84,64,"Mendoza Province","Michael Schachner","Pinot Noir"
"51806","Argentina",84,17,"Other","Michael Schachner","Syrah"
"51808","Argentina",84,12,"Mendoza Province","Michael Schachner","Merlot"
"51830","Argentina",87,11,"Mendoza Province","Michael Schachner","Chardonnay"
"51839","Argentina",88,16,"Mendoza Province","Michael Schachner","Merlot"
"51842","Argentina",87,45,"Mendoza Province","Michael Schachner","Chardonnay"
"51851","Spain",87,12,"Northern Spain","Michael Schachner","Rose"
"51852","Spain",87,9,"Northern Spain","Michael Schachner","Rose"
"51853","Argentina",82,15,"Mendoza Province","Michael Schachner","Pinot Noir"
"51859","Argentina",86,16,"Mendoza Province","Michael Schachner","Chardonnay"
"51860","Argentina",86,17,"Other","Michael Schachner","Chardonnay"
"51907","Spain",91,25,"Catalonia","Michael Schachner","Syrah"
"51929","Argentina",83,16,"Mendoza Province","Michael Schachner","Chardonnay"
"51933","Argentina",83,11,"Mendoza Province","Michael Schachner","Chardonnay"
"51945","Argentina",90,21,"Mendoza Province","Michael Schachner","Chardonnay"
"51966","Argentina",83,21,"Mendoza Province","Michael Schachner","Pinot Noir"
"51968","Argentina",83,13,"Mendoza Province","Michael Schachner","Chardonnay"
"51969","Argentina",83,10,"Mendoza Province","Michael Schachner","Chardonnay"
"51977","Argentina",90,21,"Mendoza Province","Michael Schachner","Chardonnay"
"52006","Spain",84,20,"Northern Spain","Michael Schachner","Rose"
"52063","Spain",88,14,"Northern Spain","Michael Schachner","Rose"
"52066","Spain",86,10,"Northern Spain","Michael Schachner","Rose"
"52082","Argentina",88,20,"Other","Michael Schachner","Chardonnay"
"52116","US",81,14,"Oregon","Michael Schachner","Chardonnay"
"52126","Spain",80,9,"Northern Spain","Michael Schachner","Rose"
"52205","Spain",84,NA,"Northern Spain","Michael Schachner","Chardonnay"
"52235","Argentina",87,12,"Mendoza Province","Michael Schachner","Rose"
"52263","Argentina",83,20,"Mendoza Province","Michael Schachner","Chardonnay"
"52264","Argentina",83,18,"Mendoza Province","Michael Schachner","Merlot"
"52322","Argentina",83,13,"Mendoza Province","Michael Schachner","Chardonnay"
"52326","Argentina",83,7,"Mendoza Province","Michael Schachner","Chardonnay"
"52327","Argentina",83,8,"Mendoza Province","Michael Schachner","Chardonnay"
"52353","Argentina",86,NA,"Mendoza Province","Michael Schachner","Syrah"
"52362","Argentina",87,20,"Mendoza Province","Michael Schachner","Chardonnay"
"52396","Argentina",80,13,"Mendoza Province","Michael Schachner","Chardonnay"
"52401","Argentina",90,25,"Mendoza Province","Michael Schachner","Merlot"
"52415","Argentina",84,16,"Other","Michael Schachner","Pinot Noir"
"52418","Argentina",84,13,"Mendoza Province","Michael Schachner","Chardonnay"
"52421","Argentina",84,13,"Mendoza Province","Michael Schachner","Pinot Noir"
"52422","Spain",84,9,"Northern Spain","Michael Schachner","Merlot"
"52480","Spain",88,10,"Northern Spain","Michael Schachner","Rose"
"52492","Spain",84,9,"Spain Other","Michael Schachner","Rose"
"52507","Argentina",87,11,"Mendoza Province","Michael Schachner","Rose"
"52513","Argentina",85,11,"Mendoza Province","Michael Schachner","Syrah"
"52532","Spain",84,10,"Northern Spain","Michael Schachner","Rose"
"52536","Argentina",84,13,"Mendoza Province","Michael Schachner","Chardonnay"
"52545","Spain",87,18,"Northern Spain","Michael Schachner","Merlot"
"52546","Argentina",87,13,"Mendoza Province","Michael Schachner","Rose"
